"doc_id","filename","region","authority","title","year","link","doc_to_cite"
"f8151a07-cd8d-4a40-9530-b819c95b216b","1-s2.0-S0010482525011643-main.pdf",,,,,"https://doi.org/10.1016/j.compbiomed.2025.110813","Farina et al. (2025). *Spatio-temporal deep learning with temporal attention for indeterminate lung nodule classification*. Computers in Biology and Medicine."
"7c3360f9-800c-4fe2-9511-c687e2964234","1-s2.0-S0040595724002063-main.pdf",,,,,"https://doi.org/10.1016/j.therap.2024.10.062","Cucherat et al. (2024). *Methodological expectations for demonstration of health product effectiveness by observational studies*. Elsevier Masson SAS on behalf of Société française de pharmacologie et de thérapeutique."
"88e1da01-355a-463f-b1c5-a53437488951","1-s2.0-S0040595724002130-main.pdf",,,,,"https://doi.org/10.1016/j.therap.2024.12.005","Soeiro et al. (2024). *Shaping the future of pharmacoepidemiology in France: Recommendations from the SFPT Pharmacoepidemiology Working Group*. Pharmacoepidemiology."
"624e1f32-1874-415f-8f7e-9507e3559c7e","1-s2.0-S0895435625001544-main.pdf",,,,,"https://doi.org/10.1016/j.jclinepi.2025.111821","Devane et al. (2025). *Beyond the binary: integrating ''real-world evidence'' with randomized trials in contemporary health care*. Journal of Clinical Epidemiology."
"02560bef-89da-4f1c-863e-e488195ddddd","1-s2.0-S1078817424003791-main.pdf",,,,,"https://doi.org/10.1016/j.radi.2024.12.018","Lindholz et al. (2025). *Analyzing the TotalSegmentator for facial feature removal in head CT scans*. Radiology."
"e7665358-f061-43f6-b3bc-70851763cc26","1-s2.0-S1098301521031879-main.pdf",,,,,"https://doi.org/10.1016/j.jval.2021.11.1356","Hogervorst, M. A., Vreman, R. A., Mantel-Teeuwisse, A. K., & Goettsch, W. G. (2022). *Reported Challenges in Health Technology Assessment of Complex Health Technologies*. Value in Health."
"8c3e5ed8-f099-4f70-b665-ef961ee3548b","1-s2.0-S1359644622004263-main.pdf",,,,,"https://doi.org/10.1016/j.drudis.2022.103433","Callenbach, M. H. E., Ádám, I., Vreman, R. A., Németh, B., Kaló, Z., & Goettsch, W. G. (2021). *Reimbursement and payment models in Central and Eastern European as well as Middle Eastern countries: A survey of their current use and future outlook*."
"e779e1b8-9c5e-4d35-8d07-e57addb0dd79","1-s2.0-S1386505624002120.pdf",,,,,"https://doi.org/10.1016/j.ijmedinf.2024.105549","Gómez-Rico Junquero et al. (2024). *Transforming experimental radiology: Design and implementation of an innovative ePACS image storage system for AI imaging research environments*. International Journal of Medical Informatics."
"f06ebf8e-c6bb-4f61-8f59-77a41e943e3c","1-s2.0-S1471489225000827-main.pdf",,,,,"https://doi.org/10.1016/j.coph.2025.102586","García-Parra, B., Guiu, J. M., Povedano, M., & Modamio, P. (2026). *Real-world evidence supporting orphan drugs approvals for rare neuromuscular disorders in the European Union and the United States: Review of public assessment reports (2015-2025)*. Current Opinion in Pharmacology."
"88509778-7f59-4ff6-b291-6790b4becf87","1-s2.0-S1472648325000148-main.pdf",,,,,"https://doi.org/10.1016/j.rbmo.2025.104807","Griesinger et al. (2025). *Bridging ideal studies and real-world practice: the potential role of real-world evidence in reproductive medicine*. Reproductive Healthcare Ltd."
"8d573ddb-5294-4693-8369-91de1df98d32","1-s2.0-S2153353924000397-main.pdf",,,,,"https://doi.org/10.1016/j.jpi.2024.100400","Journal of Pathology Informatics. (2024). *AI drives the assessment of lung cancer microenvironment composition*."
"d3b65e3b-f2a0-426b-a2f3-4f952369e4a1","1-s2.0-S2212109924001018-main.pdf",,,,,"https://doi.org/10.1016/j.vhri.2024.101068","Nugraha et al. (2025). *Using Real-World Evidence for Health Technology Assessment in Asia: Suggested Typology and Scoping Review*. Value in Health Regional Issues."
"cc7685c3-d3ba-4639-8c5d-bd82d166c061","1-s2.0-S2352047724000777-main.pdf",,,,,"https://doi.org/10.1016/j.ejro.2024.100622","Tan, Q., Miao, J., Nitschke, L., Nickel, M. D., Lerchbaumer, M. H., Penzkofer, T., Hofbauer, S., Peters, R., Hamm, B., Geisel, D., Wagner, M., & Walter-Rittel, T. C. (2023). *Deep learning enabled near-isotropic CAIPIRINHA VIBE in the nephrogenic phase improves image quality and renal lesion conspicuity*. European Journal of Radiology Open."
"4531ce2c-dc2e-4cc6-9c93-0c71dfd01d04","1-s2.0-S2352914825000218-main.pdf",,,,,"https://doi.org/10.1016/j.imu.2025.101633","Nawabi, J., Schulze-Weddige, S., Baumgartner, G. L., Orth, T., Dell'Orco, A., Morotti, A., Mazzacane, F., Kniep, H., Hanning, U., Scheel, M., Fiehler, J., & Penzkofer, T. (n.d.). *End-to-end machine learning based discrimination of neoplastic and non-neoplastic intracerebral hemorrhage on computed tomography*. Informatics in Medicine Unlocked."
"39c5e1f4-4cdc-4bdb-9e2e-b821bcc511e1","1.11_Structure and content of a taxonomy to support the use of real-world evidence by HTA practicioners and healthcare decision makers.pdf",,,,,"https://doi.org/10.1016/j.jval.2023.01.007","Murphy, L. A., Akehurst, R., Solà-Morales, O., Cunningham, D., Mestre-Ferrandiz, J., Franklin, M., & de Pouvourville, G. (2023). *Structure and Content of a Taxonomy to Support the Use of Real-World Evidence by Health Technology Assessment Practitioners and Healthcare Decision Makers*. Value Health."
"89f71014-cdbf-4a70-ac67-6aeb17faa9bf","1.12_Across-Country Variations of Real-World Data and Evidence for Drugs.pdf",,,,,"https://doi.org/10.1016/j.jval.2023.01.009","de Pouvourville, G., Cunningham, D., Fricke, F.-U., Lindgren, P., Mantovani, L., Murphy, L. A., Solà-Morales, O., Mestre-Ferrandiz, J., & Akehurst, R. (2023). *Across-Country Variations of Real-World Data and Evidence for Drugs: A 5-European-Country Study*. Value in Health."
"3cb37424-6a05-48d7-a5d5-fd88779d7e5b","1.14_Guidance for reporting Real-World Evidence_ Real-World Evidence_ Response to Stakeholder Feedback.pdf",,,,,"https://www.cda-amc.ca/sites/default/files/RWE/MG0020/MG0020-Response-Document.pdf?__cf_chl_f_tk=qaZm39RLIWVRmnkbxCHJ3enEF4gfzjOaRVvTEyI7YqE-1782803879-1.0.1.1-y6Xo9m5Iz7eZfbNctUj3RcwRE8BB_zhzy7NNgbJuBko","CADTH. (2023). *Guidance for Reporting Real-World Evidence: Response to Stakeholder Feedback*. CADTH."
"6d88ba0f-1bb0-46c0-9cb0-85e8df462daf","1.15_INESSS_Real_world_data_SK.pdf",,,,,"https://www.inesss.qc.ca/fileadmin/doc/INESSS/Rapports/Medicaments/INESSS_Real_world_data_SK.pdf","INESSS. (2022). *Integration of Real-World Data and Evidence to Support Decision-Making in the Pharmaceutical Sector*. Institut national d'excellence en santé et en services sociaux (INESSS)."
"f6c6559c-c92c-4a97-a785-1c8d6aeee960","1.16_Methodological_Guide_RWD_HTA_AQuAS_2022.pdf",,,,,"https://aquas.gencat.cat/web/.content/minisite/aquas/fem/avaluacio/procediments/Methodological_Guide_RWD_HTA_AQuAS_2022.pdf","AQuAS. (2022). *Generating Evidence from Real-World Data in Health Technology Assessment*. Agency for Health Quality and Assessment of Catalonia."
"aa518984-6213-4e56-ad1b-503a96ec6de7","1.17_General-methods_version-7-0.pdf",,,,,"https://www.iqwig.de/methoden/general-methods_version-7-0.pdf","IQWiG. (2023). *General Methods*. Institut für Qualität und Wirtschaftlichkeit im Gesundheitswesen."
"25dd10a4-be7f-44bf-a34e-a488b93c8cc6","1.18_DiGA_Guide.pdf",,,,,"https://www.bfarm.de/SharedDocs/Downloads/EN/MedicalDevices/DiGA_Guide.html","BfArM. (2019). *The Fast-Track Process for Digital Health Applications (DiGA) according to Section 139e SGB V: A Guide for Manufacturers, Service Providers and Users*. BfArM."
"9c13e01b-4e1e-44d5-8f32-138ba5cac439","1.19_Real-World-Evidence of Digital Health Applications (DiGAs) in Rheumatology.pdf",,,,,"https://doi.org/10.1007/s40744-025-00744-y","Albrecht, A., Taubmann, J., Minopoulou, I., Hatscher, L., Kleinert, S., Mühlensiepen, F., Welcker, M., Leipe, J., Schulz, N., Klemm, P., Hueber, A., Schett, G., Kuhn, S., Labinsky, H., & Knitza, J. (2025). *Real-World-Evidence of Digital Health Applications (DiGAs) in Rheumatology: Insights from the DiGAReal Registry*."
"3b4080d3-3bea-4635-bfa7-3012cb8db1fb","1.1_GFI266.pdf",,,,,"https://www.fda.gov/media/139953/download","FDA. (2021). *Use of Real-World Data and Real-World Evidence to Support Effectiveness of New Animal Drugs*. U.S. Food and Drug Administration."
"5faad4b0-66e7-4284-98a4-28c20e9e4646","1.21_Establishing a national HTA program for medical devices in Italy.pdf",,,,,"https://doi.org/10.1016/j.healthpol.2021.03.003","Tarricone et al. (2021). *Establishing a national HTA program for medical devices in Italy: Overhauling a fragmented system to ensure value and equal access to new medical technologies*. Health Policy."
"cfbc1ab2-f044-4c0b-94fb-1b5bf7e590f1","1.22_National Strategy for Artificial Intelligence.pdf",,,,,,"Ministry of Finance and Ministry of Industry, Business and Financial Affairs. (2019). *National Strategy for Artificial Intelligence*. Ministry of Finance and Ministry of Industry, Business and Financial Affairs."
"a6201488-bddb-4cfd-a930-261163fd388e","1.23_The-danish-health-technology-council-s-methods-guide-for-the-evaluation-of-health-technology.pdf",,,,,,"Danish Health Technology Council. (2021). *The Danish Health Technology Council's methods guide for the evaluation of health technology*. Danish Health Technology Council."
"bd2b0f9c-d659-4a7b-9132-8a32c9787229","1.24_The-danish-medicines-council-methods-guide-for-assessing-new-pharmaceuticals-version-1-3.pdf",,,,,,"Danish Medicines Council. (*The Danish Medicines Council methods guide for assessing new pharmaceuticals*). Danish Medicines Council."
"dfb516bc-4816-4907-b139-c58eb8648491","1.25_Real-world-evidence-in-applications-to-the-danish-medicines-council_01-06-23.pdf",,,,,,"Danish Medicines Council. (*Real-world evidence in applications to the Danish Medicines Council*). Danish Medicines Council."
"005ae9c6-4839-4179-b17d-67255a903cf7","1.27_The real-world impact of National Institute for Health and Care Excellence_s real-world evidence framework.pdf",,,,,"https://doi.org/10.57264/cer-2023-0135","Duffield, S., & Jonsson, P. (2023). *The real-world impact of National Institute for Health and Care Excellence's real-world evidence framework*."
"f5e57a21-f447-4091-8286-60e76814df0c","1.28_Advancing real-world evidence in Brazil.pdf",,,,,"https://doi.org/10.1016/j.lana.2025.101344","Cézar de Aquino, N., Reichert, C. O., Lage, L. A. de P. C., Culler, H. F., Roitberg, F. S. R., Rocha, V., Alves, F. N. R., & Pereira, J. (2026). *Advancing real-world evidence in Brazil: regulatory gaps and global lessons*. The Lancet Regional Health - Americas."
"68b6847c-e426-43c6-8842-6691604a8f17","1.29_Guian64_2023_versao1.pdf",,,,,,"Anvisa. (2023). *Guia de boas práticas para estudos de dados do mundo real*. Agência Nacional de Vigilância Sanitária."
"d388bd03-6455-4e25-bfc4-20a730140817","1.30_Australian-framework-for-national-clinical-quality-registries-cqr-2024.pdf",,,,,,"ACSQHC. (2024). *Australian Framework for National Clinical Quality Registries*. Australian Commission on Safety and Quality in Health Care."
"f63d182b-e597-4808-8f96-e9702fb0c0cd","1.31_Optimising-the-availability-and-use-of-real-world-data-and-real-world-evidence-to-support-health-technology-assessment.pdf",,,,,,"Pratt N, Vajdic CM, Camacho X, Donnolley N, & Pearson S. (2024). *Optimising the availability and use of real world data and real world evidence to support health technology assessment in Australia*. UNSW Sydney."
"887a6dcd-5082-4ede-877f-98bcbf02e36a","1.33_MDS-G027_1.pdf",,,,,,"SFDA. (2025). *Guidance on Digital Health Products*. Saudi Food and Drug Authority."
"76101403-3bd6-46ad-9dfc-c6fd2ec1060e","1.34_MDS – G11E.pdf",,,,,,"SFDA. (2025). *Guidance on Manufacturing Paths of Medical Devices*. Saudi Food and Drug Authority."
"e91401d3-e7f0-43dd-a31a-5965bdec0863","1.35_MDS-G002E_0.pdf",,,,,,"SFDA. (2025). *Guidance on Innovative Medical Devices*. Saudi Food and Drug Authority."
"71673fcd-ea81-47dc-b741-3830daada551","1.36_MDS–G020E.pdf",,,,,,"SFDA. (2024). *SFDA Recognized Standards (Supporting Medical Device Premarket Submissions)*. Saudi Food and Drug Authority."
"9985fa65-7656-4297-915b-e88ac6048681","1.37_MDS-G009En.pdf",,,,,,"SFDA. (2025). *Guidance for Points of Care (POC) Medical Devices Manufacturing*. Saudi Food and Drug Authority."
"67043e03-5c60-4cd5-8479-4e63976a938e","1.38_MDS-G010ML.pdf",,,,,,"SFDA. (2022). *Guidance on Artificial Intelligence (AI) and Machine Learning (ML) technologies based Medical Devices*. Saudi Food and Drug Authority."
"ea8df8f1-b103-4a06-95d4-3ec68ec46df6","1.39_MDS_G23.pdf",,,,,,"IMDRF. (2014). *Software as a Medical Device (SaMD): Key Definitions*. International Medical Device Regulators Forum."
"95b1d61d-875c-4c28-b472-eb60d9f0f01b","1.3_55680653dft.pdf",,,,,,"FDA. (2024). *Real-World Evidence: Considerations Regarding Non-Interventional Studies for Drug and Biological Products Guidance for Industry*. U.S. Food and Drug Administration."
"4e8c3687-7554-4370-bc68-18d88df4e2a3","1.40_Medical_Devices_Act(PDF).pdf",,,,,,
"10167bf6-bfe0-4e53-8a57-fdaac44fb556","1.41_Enforcement_Rules_of_Medical_Devices_Act(PDF).pdf",,,,,,
"93e3fa71-1f37-41cb-9e78-eeac50e30801","1.42_Regulations_on_Good_Clinical_Practice_for_Medical_Devices.pdf",,,,,,"Ministry of Health and Welfare. (2022). *Regulations on Good Clinical Practice for Medical Devices*. Ministry of Health and Welfare."
"626b7ade-8a87-48b9-adf3-32235274f138","1.43Regulations_for_Medical_Device_Recalls(PDF).pdf",,,,,,
"a1a29472-5d1f-408b-b3a6-bbd4bdcc8c8b","1.44_Regulations_for_Management_of_Medical_Device_Safety_Surveillance.pdf",,,,,,
"6f427940-dad9-4141-9527-197f49bf0c39","1.45_Questions and Answers (Q&A) on Points to Consider for Ensuring the Reliability in.pdf",,,,,,"MHLW. (2023). *Questions and Answers (Q&A) on Points to Consider for Ensuring the Reliability in Utilization of Data from Registry or Medical Information Database in Applications for Marketing Approval and Re-examination for Regenerative Medical Products*. Ministry of Health, Labour and Welfare."
"58f7f31d-4826-44d0-9217-d73e7718f37a","1.46_Points to Consider for Ensuring the Reliability in Utilization of Registry Data for Applications.pdf",,,,,,"MHLW. (2021). *Points to Consider for Ensuring the Reliability in Utilization of Registry Data for Applications*. Ministry of Health, Labour and Welfare."
"5d30f4f7-1ce4-4f28-92df-1974c3e48fa1","1.47_Points to Consider for Ensuring the Reliability of Post-marketing Database Study for Regenerative Medical Products.pdf",,,,,,"MHLW. (2021). *Points to Consider for Ensuring the Reliability of Post-marketing Database Study for Regenerative Medical Products*. Ministry of Health, Labour and Welfare."
"fe5a8fb2-e69b-45fd-a4c2-4c967594e0c3","1.48_Points to Consider for Ensuring the Reliability of Post-marketing Database Study for Medical Devices.pdf",,,,,,"MHLW. (2018). *Points to Consider for Ensuring the Reliability of Post-marketing Database Study for Medical Devices*. Ministry of Health, Labour and Welfare."
"d861aa82-8c2f-42c6-a3e7-f449d56c90a7","1.49_Points to Consider for Ensuring the Reliability of Post-marketing Database Study for Drugs.pdf",,,,,,"MHLW. (2018). *Points to Consider for Ensuring the Reliability of Post-marketing Database Study for Drugs*. Ministry of Health, Labour and Welfare."
"fcc6731b-d0ab-4c97-b51a-22467c469fe4","1.4_real-world-evidence-medical-devices-guidance-2025.pdf",,,,,,"FDA. (2025). *Use of Real-World Evidence to Support Regulatory Decision-Making for Medical Devices*. U.S. Food and Drug Administration."
"a1cc2fb7-0379-4d50-a2fa-1a08f2c1fe41","1.50_Basic Principles on Utilization of Registry for Applications.pdf",,,,,,"MHLW. (2021). *Basic Principles on Utilization of Registry for Applications*. Ministry of Health, Labour and Welfare."
"17e5b019-a8f0-451e-9789-29815d173be1","1.51_Post Market Surveillance and Post-market Clinical Follow-up Studies.pdf",,,,,,"SAHPRA. (2025). *Post Market Surveillance and Post-Market Clinical Follow-up Studies*. South African Health Products Regulatory Authority."
"f366e508-6d5c-425e-849f-af93f53ea76e","1.52_Guidelines on Clinical Evaluation of Medical Devices.pdf",,,,,,"SAHPRA. (2025). *Guidelines on Clinical Evaluation of Medical Devices*. South African Health Products Regulatory Authority."
"5637077f-d526-473d-8146-8b837737b913","1.53_Generative Artificial Intelligence for Health Technology Assessment.pdf",,,,,"https://doi.org/10.1016/j.jval.2024.10.3846","Value in Health. (2025). *Generative Artificial Intelligence for Health Technology Assessment: Opportunities, Challenges, and Policy Considerations: An ISPOR Working Group Report*."
"051e401c-af01-4cf7-9c7a-b719f1ce8271","1.54_STaRT-RWE_ structured template for planning and reporting on the implementation of real world evidence studies - PMC.pdf",,,,,"https://doi.org/10.1136/bmj.m4856","BMJ. (2021). *STaRT-RWE: structured template for planning and reporting on the implementation of real world evidence studies*. BMJ."
"1cb74e67-e21a-45b2-a489-94b3071731ef","1.55_Improving Transparency to Build Trust in RWSD.pdf",,,,,"https://doi.org/10.1016/j.jval.2020.04.002","Orsini et al. (2020). *Improving Transparency to Build Trust in Real-World Secondary Data Studies for Hypothesis Testing -Why, What, and How: Recommendations and a Road Map from the Real-World Evidence Transparency Initiative*. Value in Health."
"f612b674-b537-454c-a4a2-70eccc5ea929","1.56_Using real-world data for coverage and payment decisions_the ISPOR Real-World Data Task Force report.pdf",,,,,"https://doi.org/10.1111/j.1524-4733.2007.00186.x","Garrison et al. (2007). *Using Real-World Data for Coverage and Payment Decisions: The ISPOR Real-World Data Task Force Report*."
"0c78876e-e338-41e5-8c7f-ca9ccc5a78a2","1.57_A Checklist for Retrospective Database Studies.pdf",,,,,"https://doi.org/10.1046/j.1524-4733.2003.00242.x","Motheral et al. (*A Checklist for Retrospective Database Studies-Report of the ISPOR Task Force on Retrospective Databases*)."
"f7aa81b5-a457-4267-82f6-ed91ab0b9cd5","1.58_Validation of algorithms in studies based on routinely collected health data_general principles.pdf",,,,,"https://doi.org/10.1093/aje/kwae071","Ehrenstein et al. (2024). *Validation of algorithms in studies based on routinely collected health data: general principles*. Practice of Epidemiology."
"647f00ba-18c8-48dc-a481-1ffeda9e262b","1.59_Pharmacoepidemiology and Drug - 2021 - Franklin - Real‐world evidence to support regulatory decision making  New or.pdf",,,,,"https://doi.org/10.1002/pds.5222","Franklin, J. M., Dreyer, N. A., Liaw, K.-L., Iyasu, S., & Critchlow, C. W. (2023). *Real-world evidence to support regulatory decision making: New or expanded medical product indications*."
"18770403-e883-4985-b2f5-5d18997b97e4","1.5_Study protocols that use real-world Data.pdf",,,,,,
"1c8c899b-83c8-4357-963a-cb7bf9b9e081","1.61_Pharmacoepidemiology and Drug - 2016 - Bourke - Evidence generation from healthcare databases  recommendations for managing.pdf",,,,,"https://doi.org/10.1002/pds.4004","Bourke, A., Bate, A., Sauer, B. C., Brown, J. S., & Hall, G. C. (2016). *Evidence generation from healthcare databases: recommendations for managing change*. Pharmacoepidemiology and Drug Safety."
"20fee61e-0108-439c-a59e-0d50e053ae27","1.62_CanREValue_2024_Conducting_Multi_provincial_RWE_Studies_cancer.pdf",,,,,,"CanREValue Collaboration Data Working Group. (2024). *Conducting Multi-Provincial Real-World Evidence Studies on Cancer Drugs*."
"d1615606-ce75-4c82-baae-af119de7d3ad","1.63_CanREValue_2024_Framework_incorporating_RWE_drug_funding_decisiones_Final-Report.pdf",,,,,,"CanREValue Collaboration. (2024). *Developing a framework for incorporating real-world evidence into drug funding decisions: CanREValue Collaboration Policy Working Groups Final Report*."
"e4114b93-7de7-47a5-8c5d-48c13819247f","1.64_CanREValue_Development of a Multi-Criteria Decision.pdf",,,,,"https://doi.org/10.3390/curroncol30040286","Parmar, A., Dai, W. F., Dionne, F., Geirnaert, M., Denburg, A., Ahuja, T., Beca, J., Bouchard, S., Chambers, C., Hunt, M. J., et al. (2023). *Development of a Multi-Criteria Decision Analysis Rating Tool to Prioritize Real-World Evidence Questions for the Canadian Real-World Evidence for Value of Cancer Drugs (CanREValue) Collaboration*. Curr. Oncol."
"bf4c5cbf-50e2-4ea4-b64f-26808d3460d0","1.65_CanREValue_A perspective on life-cycle health technology assessment and.pdf",,,,,"https://doi.org/10.1038/s41698-022-00316-1","Regier, D. A., Pollard, S., McPhail, M., Bubela, T., Hanna, T. P., Ho, C., Lim, H. J., Chan, K., Peacock, S. J., & Weymann, D. (2022). *A perspective on life-cycle health technology assessment and real-world evidence for precision oncology in Canada*. npj Precision Oncology."
"972ea4c0-8042-4069-8e3f-2d1403f97ab8","1.66_CSRC_2022_Seltzer_Practical and regulatory issues in remote monitoring of cardiac safety.pdf",,,,,"https://doi.org/10.1016/j.ahj.2021.09.005","Seltzer et al. (2021). *The COVID-19 pandemic and cardiovascular issues in clinical trials: Practical and regulatory issues in remote monitoring of cardiac safety*. Elsevier Inc."
"946730b9-3dc0-429d-8862-7e9c56583b5f","1.67_EFPIA_2025_Harnessing-rwe-to-transform-healthcare-decision-making-in-europe.pdf",,,,,,"EFPIA. (*Harnessing RWE to transform Healthcare Decision-Making in Europe: EFPIA vision on the role and use of RWE in decision-making*). European Federation of Pharmaceutical Industries and Associations."
"77a48c2b-34f6-4942-a3c1-11b9b4ed44e7","1.68_iqvia_2023_rwe-benchmarking-survey-whitepaper.pdf",,,,,,"IQVIA Canada. (2023). *Real World Evidence in Canada: Are pharmaceutical innovators ready for success in the evolving landscape?*."
"81f26144-d746-4b62-92fd-b0198fa87427","1.69_iqvia_2025_eu-hta-whitepaper.pdf",,,,,,"Van Engen, A., Schlueter, M., Falla, E., Tanner, S., & Sitavu-Radu, X. (*EU HTA in Action: How HTDs can prepare for a successful JCA*). IQVIA."
"c0a706e6-75c9-4bb2-8520-70b0654a4800","1.6_registries-evaluating-patient-outcomes-4th-edition.pdf",,,,,,"AHRQ. (2020). *Registries for Evaluating Patient Outcomes: A User's Guide*. Agency for Healthcare Research and Quality."
"5eaf2b1d-8ed1-4037-bbf5-a595504c0204","1.70_TransCelerate_2022_Preparing-To-Engage-With-Health-Authorities-On-RWE-for-Medicines.pdf",,,,,,"TransCelerate BioPharma. (2022). *Preparing to Engage with Health Authorities on Real World Evidence for Medicines: A TransCelerate Perspective*."
"8e93c256-06c0-4280-b465-457fa323d542","1.71_WHO_2025_HTA_medical_devices_pg38.pdf",,,,,,"WHO. (2025). *Health technology assessment of medical devices*. World Health Organization."
"805033a0-71a2-4611-a87e-63781ce703f4","1.77_MDR revision.pdf",,,,,,"European Commission. (2025). *Regulation of the European Parliament and of the Council amending Regulations (EU) 2017/745 and (EU) 2017/746 as regards simplifying and reducing the burden of the rules on medical devices and in vitro diagnostic medical devices, and amending Regulation (EU) 2022/123 as regards the support of the European Medicines Agency for the expert panels on medical devices and Regulation (EU) 2024/1689 as regards the list of Union harmonisation legislation referred to in its Annex I*. European Commission."
"7835cf1e-ca7b-431e-bcf6-4f23eb59c315","1.7_NESTcc-Research-Methods-Framework_FINAL_November-2025.pdf",,,,,,"NESTcc. (2020). *National Evaluation System for Health Technology Coordinating Center (NESTcc) Methods Framework*. U.S. Food and Drug Administration."
"f2702797-67ea-49ae-bcc8-dad30fdfc205","1.8_Marketing Submission Recommendations for a Predermined Change Control Plan for Artificial Intelligence-Enabled Device Software Functions.pdf",,,,,,"FDA. (2025). *Marketing Submission Recommendations for a Predetermined Change Control Plan for Artificial Intelligence-Enabled Device Software Functions*. U.S. Food and Drug Administration."
"bc50691d-02ff-44eb-a07a-d36094e99cb0","1.9_reflection-paper-use-real-world-data-non-interventional-studies-generate-real-world-evidence-regulatory-purposes_en.pdf",,,,,,"EMA. (2025). *Reflection paper on use of real-world data in noninterventional studies to generate real-world evidence for regulatory purposes*. European Medicines Agency."
"483260eb-e5b5-4b7b-94e9-dddccdab75d9","100_40264_2016_Article_405.pdf","Other","Pharmacoepidemiological Research on Outcomes of Therapeutics by a European ConsorTium","Good Signal Detection Practices: Evidence from IMI PROTECT",2016,"https://doi.org/10.1007/s40264-016-0405-1","Wisniewski, A. F. Z., Bate, A., Bousquet, C., Brueckner, A., Candore, G., Juhlin, K., Macia-Martinez, M. A., Manlik, K., Quarcoo, N., Seabroke, S., Slattery, J., Southworth, H., Thakrar, B., Tregunno, P., Van Holle, L., Kayser, M., & Norén, G. N. (2016). *Good Signal Detection Practices: Evidence from IMI PROTECT*."
"905fd5e0-acc1-4321-974c-8aa411fb68b2","101_40264_2020_Article_1008.pdf","Other","EFPIA-IPVG","Effective Pharmacovigilance System Development: EFPIA-IPVG Consensus Recommendations",2021,"https://doi.org/10.1007/s40264-020-01008-0","Peters, T., Soanes, N., Abbas, M., Ahmad, J., Delumeau, J.-C., Herrero-Martinez, E., Paramananda, M., Piper, J., Smail-Aoudia, F., van der Spuij, W., Veizovic, T., & Winstanley, G. (2020). *Effective Pharmacovigilance System Development: EFPIA-IPVG Consensus Recommendations*."
"076d53c4-8ffc-445b-b234-3c9d332109a8","102_2168479017739270 (1).pdf","USA","American Statistical Association Biopharmaceutical Section Safety Working Group","Sources of Safety Data and Statistical Strategies for Design and Analysis: Real World Insights",2018,"https://doi.org/10.1177/2168479017739270","Marchenko et al. (2018). *Sources of Safety Data and Statistical Strategies for Design and Analysis: Real World Insights*. Therapeutic Innovation & Regulatory Science."
"44091d8e-49b6-4109-bc34-3c4676780310","103_Bahri-2024-The STAR Compass to Guide Future Ph.pdf","Europe","European Union","The STAR Compass to Guide Future Pharmacovigilance Based on a 10-Year Review of the Strengthened EU System",2024,"https://doi.org/10.1007/s40264-024-01451-3","Bahri et al. (2024). *The STAR Compass to Guide Future Pharmacovigilance Based on a 10-Year Review of the Strengthened EU System*."
"4172dab2-1bf9-4fb6-b9ab-37a75ab05481","104_C-2024-Programme for the use of real world dat.pdf","Spain","RedETS","Programme for the use of real world data in health technology assessment. Potential uses for real world data in the Spanish HTA Network",2024,"https://doi.org/10.46994/ets_38","Ministry of Health. (2024). *Programme for the Use of Real World Data in Health Technology Assessment. Potential uses for Real World Data (RWD) in the Spanish HTA Network*. Ministry of Health."
"6fd0ccd4-644f-47af-8208-a17c1c79f49a","105_cer-12-220157 (1).pdf","Europe","Central and Eastern European countries","Guidance on using real-world evidence from Western Europe in Central and Eastern European health policy decision making",2023,"https://doi.org/10.57264/cer-2022-0157","Nemeth et al. (2023). *Guidance on using real-world evidence from Western Europe in Central and Eastern European health policy decision making*."
"eca4a088-b992-4729-ba48-ee6f1d6130d4","106_cer-14-250064.pdf","UK","NICE","Quality in qualitative evidence: new best practice principles from NICE's real-world evidence framework",2025,"https://doi.org/10.57264/cer-2025-0064","Gupta, V. A., Scott, S., Tonkinson, M., Jonsson, P., Goodburn, L., & Duffield, S. (2025). *Quality in qualitative evidence: new best practice principles from NICE's real-world evidence framework*."
"27a46aa9-5d3d-4e8f-9f0e-823f19dd1791","107_Chan-2025-Development of a framework on the in.pdf","Other","CanREValue","Development of a framework on the incorporation of real-world evidence (RWE) into cancer drug funding decisions in Canada: the Canadian Real-world Evidence for Value of Cancer Drugs (CanREValue) collaboration",2025,"https://doi.org/10.1136/bmjopen-2024-096286","Chan, K. K.-W., Takhar, P., Evans, W. K., et al. (2025). *Development of a framework on the incorporation of real-world evidence (RWE) into cancer drug funding decisions in Canada: the Canadian Realworld Evidence for Value of Cancer Drugs (CanREValue) collaboration*. BMJ Open."
"2c9909f5-87f3-49b4-89f7-0dea7cece9d5","108_Clin Pharma and Therapeutics - 2019 - Franklin.pdf","USA","US Food and Drug Administration","Nonrandomized Real-World Evidence to Support Regulatory Decision Making: Process for a Randomized Trial Replication Project",2020,"https://doi.org/10.1002/cpt.1633","Franklin et al. (2020). *Nonrandomized Real-World Evidence to Support Regulatory Decision Making: Process for a Randomized Trial Replication Project*."
"0793c62b-4b26-485e-966f-623b5239ac7b","109_Clin Pharma and Therapeutics - 2020 - Cocoros.pdf","Other","ISPE","The Certainty Framework for Assessing Real-World Data in Studies of Medical Product Safety and Effectiveness",2021,"https://doi.org/10.1002/cpt.2045","Cocoros et al. (*The Certainty Framework for Assessing Real-World Data in Studies of Medical Product Safety and Effectiveness*)."
"a861d8b0-349c-4621-b3ec-e5e2cd7f8070","10_Use-of-Electronic-Health-Record-Data-in-Clinical-Investigations-Guidance-for-Industry.pdf","USA","FDA","Use of Electronic Health Records in Clinical Investigations (Industry)",2018,"https://www.fda.gov/media/97567/download","FDA. (2018). *Use of Electronic Health Record Data in Clinical Investigations: Guidance for Industry*. U.S. Food and Drug Administration."
"89583260-ba1f-43b2-aa84-869b6580afe2","110_Clin Pharma and Therapeutics - 2024 - Beck - C.pdf","Other","ICMRA","Collaborative Real-World Evidence Among Regulators: Lessons and Perspectives",2025,"https://doi.org/10.1002/cpt.3457","Beck, A. E., et al. (2024). *Collaborative Real-World Evidence Among Regulators: Lessons and Perspectives*."
"c127dfdb-b64f-4a58-bbbf-03cd7b36e3d2","111_Clin Pharma and Therapeutics - 2025 - Zebachi.pdf","Europe","More-EUROPA project","Navigating the Real World: A Scoping Review of Structured Frameworks to Effectively Identify, Evaluate, and Select Real-World Data Sources for Fit-for-Purpose Studies",2025,"https://doi.org/10.1002/cpt.3746","Zebachi, S., Tanniou, J., Bakker, E., de Vries, S. T., Di Bidino, R., Xoxi, E., Glaser, A., Savarese, G., Hillert, J., Mol, P. G. M., Plueschke, K., Amzal, B., Hayek, G. Y., & Moreira, J. (2023). *Navigating the Real World: A Scoping Review of Structured Frameworks to Effectively Identify, Evaluate, and Select Real- World Data Sources for Fit- for- Purpose Studies*."
"fad84e69-1669-4354-a234-9a408de72c36","112_curroncol-28-00354.pdf","Other","CanREValue","Considerations for Developing a Reassessment Process: Report from the Canadian Real-World Evidence for Value of Cancer Drugs (CanREValue) Collaboration's Reassessment and Uptake Working Group",2021,"https://doi.org/10.3390/curroncol28050354","Dai, W. F., Arciero, V., Craig, E., Fraser, B., Arias, J., Boehm, D., Bosnic, N., Caetano, P., Chambers, C., Jones, B., et al. (2021). *Considerations for Developing a Reassessment Process: Report from the Canadian Real-World Evidence for Value of Cancer Drugs (CanREValue) Collaboration's Reassessment and Uptake Working Group*. Curr. Oncol."
"3e866aa6-5e3d-4411-aa3a-b5d5f0d69cac","113_curroncol-28-00392.pdf","Other","CanREValue","Building a National Reassessment Process for Oncology Drugs: Lessons Learned by the Canadian Real-World Evidence for Value of Cancer Drugs (CanREValue) Collaboration through a Simulated Reassessment Exercise",2021,"https://doi.org/10.3390/curroncol28060392","Dai, W. F., Craig, E., Fraser, B., Chambers, A., Mai, H., Brown, M. B., Earle, C. C., Evans, W. K., Geirnaert, M., Taylor, M., et al. (2021). *Building a National Reassessment Process for Oncology Drugs: Lessons Learned by the Canadian Real-World Evidence for Value of Cancer Drugs (CanREValue) Collaboration through a Simulated Reassessment Exercise*. Curr. Oncol."
"9f5f99af-4eb2-4f50-9812-7f575a8f8595","114_curroncol-29-00443.pdf","Other","CanREValue","Engaging Patients in the Canadian Real-World Evidence for Value in Cancer Drugs (CanREValue) Initiative: Processes and Lessons Learned",2022,"https://doi.org/10.3390/curroncol29080443","Evans, W. K., Takhar, P., McDonald, V., Elias, M., Binder, L., Michaud, S., Tadrous, M., Muñoz, C., & Chan, K. K. W. (2022). *Engaging Patients in the Canadian Real-World Evidence for Value in Cancer Drugs (CanREValue) Initiative: Processes and Lessons Learned*. Curr. Oncol."
"273e6087-f6bf-4556-b136-64c0963156f2","115_curroncol-31-00141.pdf","Other","CanREValue","Application of Multi-Criteria Decision Analysis (MCDA) to Prioritize Real-World Evidence Studies for Health Technology Management: Outcomes and Lessons Learned by the Canadian Real-World Evidence for Value of Cancer Drugs (CanREValue) Collaboration",2024,"https://doi.org/10.3390/curroncol31040141","Takhar, P., Geirnaert, M., Gavura, S., Beca, J., Mercer, R. E., Denburg, A., Muñoz, C., Tadrous, M., Parmar, A., Dionne, F., et al. (2024). *Application of Multi-Criteria Decision Analysis (MCDA) to Prioritize Real-World Evidence Studies for Health Technology Management: Outcomes and Lessons Learned by the Canadian Real-World Evidence for Value of Cancer Drugs (CanREValue) Collaboration*. Curr. Oncol."
"1712c27a-3ed3-4012-8355-9f15a6cc6b68","116_f1000research-11-77731.pdf","Other","eTRANSAFE Consortium's","eTRANSAFE: Building a sustainable framework to share reproducible drug safety knowledge with the public domain",2022,"https://doi.org/10.12688/f1000research.74024.1","Sarntivijai et al. (2022). *eTRANSAFE: Building a sustainable framework to share reproducible drug safety knowledge with the public domain*. F1000Research."
"a4ed1128-55a1-429e-b611-f0e71c5e7394","117_Facey-2020-Real-world evidence to support Paye.pdf","Other","RWE4Decisions","Real-world evidence to support Payer/HTA decisions about highly innovative technologies in the EU-actions for stakeholders",2020,"https://doi.org/10.1017/s026646232000063x","Facey, K. M., Rannanheimo, P., Batchelor, L., Borchardt, M., & de Cock, J. (2020). *Real-world evidence to support Payer/HTA decisions about highly innovative technologies in the EU -actions for stakeholders*. International Journal of Technology Assessment in Health Care."
"72350c47-9421-4f69-b40f-c6744b17d516","118_fphar-13-837302.pdf","Europe","HTx project","Real World Data in Health Technology Assessment of Complex Health Technologies",2022,"https://doi.org/10.3389/fphar.2022.837302","Hogervorst, M. A., Pontén, J., Vreman, R. A., Mantel-Teeuwisse, A. K., & Goettsch, W. G. (2022). *Real World Data in Health Technology Assessment of Complex Health Technologies*. Frontiers in Pharmacology."
"093e6539-433b-4273-a446-09b645256548","119_fpubh-08-612410.pdf","Other","COMED Horizon","Quo Vadis HTA for Medical Devices in Central and Eastern Europe? Recommendations to Address Methodological Challenges",2020,"https://doi.org/10.3389/fpubh.2020.612410","Daubner-Bendes, R., Kovács, S., Niewada, M., Huic, M., Drummond, M., Ciani, O., Blankart, C. R., Mandrik, O., Torbica, A., Yfantopoulos, J., Petrova, G., Holownia-Voloskova, M., Taylor, R. S., Al, M., Piniazhko, O., Lorenzovici, L., Tarricone, R., Zemplényi, A., & Kaló, Z. (2021). *Quo Vadis HTA for Medical Devices in Central and Eastern Europe? Recommendations to Address Methodological Challenges*. Frontiers in Public Health."
"5c069c6f-4d0a-475a-86d9-a455fb5d6b87","11_Best-Practices-for-Conducting-and-Reporting-Pharmacoepidemiologic-Safety-Studies-Using-Electronic-Healthcare-Data-Sets.pdf","USA","FDA","Best Practices for Conducting and Reporting Pharmacoepidemiologic Safety  Studies Using Electronic Healthcare Data (Industry and Food and Drug Administration Staff)",2013,"https://www.fda.gov/media/79922/download","FDA. (2013). *Best Practices for Conducting and Reporting Pharmacoepidemiologic Safety Studies Using Electronic Healthcare Data*. U.S. Food and Drug Administration."
"ceb7252e-dfc1-4a0b-a3f7-55b49d98a276","11_HTxProject_ Applicability of academic realworld.pdf",,,,,"https://doi.org/10.3389/fphar.2026.1650552","Björvang, C., Pontén, J., Viberg, A., Manca, A., Salanti, G., Siirtola, P., García-Sáez, G., Knies, S., Delnoij, D., Dawoud, D., Elvidge, J., Liu, L., Németh, B., & Kaló, Z. (2026). *Applicability of academic realworld data research in the case studies of the HTx project to practical health technology assessment work*. Front. Pharmacol."
"6289dffd-5b75-4261-90fd-002ada592f44","11_HTxProject_Innovating HTA a call for capacity building and standarization.pdf",,,,,"https://doi.org/10.1017/s0266462326103456","Delnoij, D. M. J., Dawoud, D. M., Elvidge, J., Kaló, Z., Knies, S., Németh, B., & Goettsch, W. (2026). *Innovating HTA: a call for capacity building and standardization*. International Journal of Technology Assessment in Health Care."
"d77fa631-ff17-4fee-8061-40de4dc3cb6d","11_HTxProject_Transferability of Real World Evidence to Support HTA Recommendations in Lower.pdf",,,,,"https://doi.org/10.1002/hsr2.71534","Kaló et al. (2026). *Transferability of Real World Evidence to Support HTA Recommendations in Lower Income European Countries*. Health Science Reports published by Wiley Periodicals LLC."
"c0e4f21d-2a74-4b84-8b8e-c320339df642","120_Health Economics - 2022 - Klein - Real‐world e.pdf","Europe","European HTA agencies and EUnetHTA","Real-world evidence in health technology assessment of high-risk medical devices: Fit for purpose?",2022,"https://doi.org/10.1002/hec.4575","Klein, P., Blommestein, H., Al, M., Pongiglione, B., Torbica, A., & de Groot, S. (2022). *Real-world evidence in health technology assessment of high-risk medical devices: Fit for purpose?*. Health Economics."
"efe0fe31-ab5b-432f-a00e-5e86a3a4146f","121_health-technology-performance-assessment-real-.pdf","Brazil","Brazilian Ministry of Health","HEALTH TECHNOLOGY PERFORMANCE ASSESSMENT: REAL-WORLD EVIDENCE FOR PUBLIC HEALTHCARE SUSTAINABILITY",2017,"https://doi.org/10.1017/s0266462317000423","Guerra-Júnior, A. A., Lemos, L. L. P., Osorio-de-Castro, C. G. S., Arouca, S., Alvares, J., Vassallo, C. A., Wettermark, B., Benguria-Arrate, G., & Ibarluzea, I. G. (*Health Technology Performance Assessment: Real-World Evidence for Public Healthcare Sustainability*)."
"a097e332-c999-490e-be14-e1fbe7d567a7","122_HTA-Projektbericht_Nr.138 .pdf","Austria","Austrian Institute for Health Technology Assessment","(Good) practice organisational models using real-world evidence for public funding of high priced therapies",2021,"https://eprints.aihta.at/1329/1/HTA-Projektbericht_Nr.138%20.pdf","AIHTA Project Reports. (*Outcome-based Managed-entry agreements (OBMEAs) for cost-intensive medicines: providing conditional funding while simultaneously generating publicly accessible data on the treatment effects observed in a real-world setting*)."
"361c8071-dbab-4d26-980a-093e57dd909f","123_Kc-2023-What, Where, and How to Collect Real-W.pdf","Other","REALISE Working Group","What, Where, and How to Collect Real-World Data and Generate Real-World Evidence to Support Drug Reimbursement Decision-Making in Asia: A reflection Into the Past and A Way Forward",2023,"https://doi.org/10.34172/ijhpm.2023.6858","Kc, S., Lin, L. W., Bayani, D. B. S., et al. (2023). *What, Where, and How to Collect Real-World Data and Generate Real-World Evidence to Support Drug Reimbursement Decision-Making in Asia: A reflection Into the Past and A Way Forward*. Int J Health Policy Manag."
"84ebfa54-ad61-498e-8f87-6e7ae4383c81","124_nihms-1978932.pdf","Other","ISPOR","Assessing Real-World Data From Electronic Health Records for Health Technology Assessment: The SUITABILITY Checklist: A Good Practices Report of an ISPOR Task Force",2024,"https://doi.org/10.1016/j.jval.2024.01.019","Fleurence, R. L., et al. (2024). *Assessing Real-World Data from Electronic Health Records for Health Technology Assessment: The SUITABILITY Checklist: A Good Practices Report from an ISPOR Task Force*. Value in Health."
"4462ae1b-c5b6-43bd-84b5-c742337f3e79","125_nihms914208.pdf","USA","American Statistical Association Biopharmaceutical Section Safety Working Group","Sources of Safety Data and Statistical Strategies for Design and Analysis: Postmarket Surveillance",2018,"https://doi.org/10.1177/2168479017741112","Izem et al. (2018). *Sources of Safety Data and Statistical Strategies for Design and Analysis: Postmarket Surveillance*. Ther Innov Regul Sci."
"12a6e27f-dde7-4830-a0fc-c68700f0d04e","126_openreseurope-4-19648.pdf","Other","IDERHA","Getting ready for the European Health Data Space (EHDS): IDERHA's plan to align with the latest EHDS requirements for the secondary use of health data",2024,"https://doi.org/10.12688/openreseurope.18179.1","Hussein et al. (2024). *Getting ready for the European Health Data Space (EHDS): IDERHA's plan to align with the latest EHDS requirements for the secondary use of health data*. Open Research Europe"
"18887856-b1d0-4af2-a3bd-e328c31c5741","127_PDS-26-1033.pdf","Other","Joint ISPE/ISPOR Task Force ","Good practices for real‐world data studies of treatment and/or comparative effectiveness: Recommendations from the joint ISPOR‐ISPE Special Task Force on real‐world evidence in health care decision making",2017,"https://doi.org/10.1002/pds.4297","Berger, M. L., et al. (2017). *Good practices for real-world data studies of treatment and/or comparative effectiveness: Recommendations from the joint ISPOR-ISPE Special Task Force on real-world evidence in health care decision making*. Pharmacoepidemiology and Drug Safety."
"87fd99ab-d5a4-4b0d-8d70-1e67163b2c87","129_Pharmacoepidemiology and Drug - 2020 - Chen -.pdf","Taiwan","Center for Drug Evaluation Taiwan","Using real-world evidence for pharmacovigilance and drug safety-related decision making by a resource-limited health authority: 10 years of experience in Taiwan",2020,"https://doi.org/10.1002/pds.5084","Lin et al. (2020). *Using real-world evidence for pharmacovigilance and drug safety-related decision making by a resource-limited health authority: 10 years of experience in Taiwan*."
"fb480d34-9af9-4e78-9f3c-dc0cf508fdb4","12_framework-FDAs-real-world-evidence-program_0.pdf","USA","FDA","Framework for FDA’s Real-World Evidence Program 2018",2018,"https://www.fda.gov/media/120060/download","FDA. (2018). *Framework for FDA's Real-World Evidence Program*. U.S. Food and Drug Administration."
"b3f05882-1099-4ec9-915a-5ef6dfc29443","130_Pharmacoepidemiology and Drug - 2024 - Patel -.pdf","Other","IQVIA","Contemporary Practice and Considerations for Real-World Data Source Identification and Feasibility Assessment",2024,"https://doi.org/10.1002/pds.5862","Patel et al. (2024). *Contemporary Practice and Considerations for Real- World Data Source Identification and Feasibility Assessment*. Pharmacoepidemiology and Drug Safety."
"2a6369fb-b354-42e5-8520-38ce07c90d0c","131_SHTI216-0448.pdf","Other","Connecting for Health Steering Group","Big Data Clinical Research: Validity, Ethics, and Regulation",2015,"https://www.researchgate.net/publication/281815352_Big_Data_Clinical_Research_Validity_Ethics_and_Regulation","Balas et al. (2016). *Big Data Clinical Research: Validity, Ethics, and Regulation*."
"869d0a8c-fcfe-47f4-8efa-59bada817ec6","132_Wang-2024-Adopting a Framework for Rapid Real-.pdf","Other","TransCelerate initiative","Adopting a Framework for Rapid Real-World Data Analyses in Safety Signal Assessment",2024,"https://doi.org/10.1007/s43441-024-00694-7","Wang et al. (2024). *Adopting a Framework for Rapid Real-World Data Analyses in Safety Signal Assessment*."
"ac044e11-675d-46f3-b4d5-f005e0983300","133_Zhang-2022-Best practices in the real-world da.pdf","USA","21st Century Cures Act","Best practices in the real-world data life cycle",2022,"https://doi.org/10.1371/journal.pdig.0000003","Zhang, J., Symons, J., Agapow, P., Teo, J. T., Paxton, C. A., Abdi, J., ... & Budhdeo, S. (2022). *Best practices in the real-world data life cycle*. PLOS Digital Health."
"1208f937-4c02-4b0d-aaa7-47f01a66aeb0","140_Friends of Cancer Research_rw-Response.pdf","Other","Friends of Cancer Research","Characterizing the Use of External Controls for Augmenting Randomized Control Arms and Confirming Benefit.",2019,"https://friendsofcancerresearch.org/wp-content/uploads/Panel-1_External_Control_Arms2019AM_2.pdf","Friends of Cancer Research. (*Characterizing the Use of External Controls for Augmenting Randomized Control Arms and Confirming Benefit*)."
"e860ec76-cf40-44a5-9e5a-df0fa5d54bc2","141_IQWIG.pdf","Germany","IQWiG","Concepts for the generation of routine practice data and their analysis for the benefit assessment of drugs according to §35a Social Code Book V (SGB V)",2020,"https://www.iqwig.de/download/a19-43_routine-practice-data-for-the-benefit-assessment-of-drugs_rapid-report_v1-0.pdf","IQWiG. (2020). *Concepts for the generation of routine practice data and their analysis for the benefit assessment of drugs according to §35a Social Code Book V (SGB V)*. Institute for Quality and Efficiency in Health Care."
"2b2a237f-01d7-4442-b9d5-c514666af6ca","150_Alexe-2025-Points to Consider on the Use of Me.pdf",,,,,"https://doi.org/10.1007/s43441-024-00736-0","Alexe et al. (2025). *Points to Consider on the Use of Medicines in Pregnancy Throughout the Product Lifecycle Based on Global Regulatory Guidance*."
"34bc4229-ff19-4455-a772-0fcd7622403f","152_Arslan-2024-Towards a Regulatory Framework for.pdf",,,,,"https://doi.org/10.3233/shti231311","Arslan, F., Marcus, J., Khatami, A., Guer가지, A., & Keshavjee, K. (2023). *Towards a Regulatory Framework for Workflow Improvement in Electronic Medical Records*."
"c224a232-c9b4-4e89-8506-7f8f11c36e81","153_Aupiais-2019-A Bayesian non-inferiority approa.pdf",,,,,"https://doi.org/10.1186/s12874-019-0826-5","Aupiais et al. (2019). *A Bayesian non-inferiority approach using experts' margin elicitation application to the monitoring of safety events*."
"72761bc2-c5d3-4ee8-8799-c05e9a65a167","154_Babic-2025-Barriers and Facilitators for Feder.pdf",,,,,"https://doi.org/10.3233/shti250326","Babic et al. (n.d.). *Barriers and Facilitators for Federated Health Data Networks: Lessons Learned from a Nordic-Baltic Experience*. IOS Press."
"1fe556c6-7138-4cf9-9d01-461a5f58199b","158_Balijepalli-2020-Can Standard Health Technolog.pdf",,,,,"https://doi.org/10.2147/ceor.s264589","Balijepalli et al. (2020). *Can Standard Health Technology Assessment Approaches Help Guide the Price of Orphan Drugs in Canada? A Review of Submissions to the Canadian Agency for Drugs and Technologies in Health Common Drug Review*. ClinicoEconomics and Outcomes Research."
"5bec4bc1-065d-4d2c-88ab-cb86763a1f18","159_Barberio-2024-Characterizing Fit-for-Purpose R.pdf",,,,,"https://doi.org/10.2147/clep.s429246","Barberio, J., Hernandez, R. K., Naimi, A. I., Patzer, R. E., Kim, C., & Lash, T. L. (2024). *Characterizing Fit-for-Purpose Real-World Data: An Assessment of a Mother-Infant Linkage in the Japan Medical Data Center Claims Database*."
"68e3dd6b-3702-425a-a0f9-6514d9b20958","15_ICER-RWE-Framework-Companion-White-Paper-03282018.pdf","USA","ICER","A Framework to Guide the Optimal Development and Use of Real-World Evidence for Coverage and Formulary Decisions",2018,"https://doi.org/http://icer.org/wp-content/uploads/2020/11/ICER-RWE-Framework-Companion-White-Paper-03282018.pdf","Pearson et al. (2017). *Understanding the Context, Selecting the Standards: A Framework to Guide the Optimal Development and Use of Real World Evidence for Coverage and Formulary Decisions*."
"812665f1-0f26-4541-b298-3cc1bb1be68c","160_Bou-Jaoudeh-2025-Toward an Extensible Regulato.pdf",,,,,"https://doi.org/10.1007/s43441-025-00752-8","Bou-Jaoudeh, M., Piaton-Breda, G., Pereme, F., & Gilbert, S. (2025). *Toward an Extensible Regulatory Framework for N-of-1 to N-of-Few Personalized RNA Therapy Design*."
"87220dda-eff6-444a-ada5-142e12120366","161_Brown-2019-Use of real-world evidence in postm.pdf",,,,,"https://doi.org/10.1136/bmjopen-2018-028133","Brown, J. P., Wing, K., Evans, S. J., et al. (2019). *Use of real-world evidence in postmarketing medicines regulation in the European Union: a systematic assessment of European Medicines Agency referrals 2013-2017*. BMJ Open."
"7d78e8d0-f684-4504-bb53-67289b7672ca","165_C-2025-Programme for the use of real world dat.pdf","Spain","RedETS","Programme for the use of real world data in health technology assessment. Potential uses for real world data in the Spanish HTA Network",2025,"https://doi.org/10.46994/ets_42","Ministerio de Sanidad. (2025). *Using real-world data for health technology assessment*. Instituto Aragonés de Ciencias de la Salud."
"9bf3d36c-ffef-4d8b-bacb-167a4cd2213e","168_Chan-2020-Developing a framework to incorporat.pdf",,,,,"https://doi.org/10.1136/bmjopen-2019-032884","Chan, K., Nam, S., Evans, B., et al. (2020). *Developing a framework to incorporate real-world evidence in cancer drug funding decisions: the Canadian Real-world Evidence for Value of Cancer Drugs (CanREValue) collaboration*. BMJ Open."
"636bc1f1-8a7b-4913-b821-16c1380d9de8","169_Chan-2025-Development of a framework on the in.pdf",,,,,"https://doi.org/10.1136/bmjopen-2024-096286","Chan KK-W, Takhar P, Evans WK, et al. (2025). *Development of a framework on the incorporation of real-world evidence (RWE) into cancer drug funding decisions in Canada: the Canadian Realworld Evidence for Value of Cancer Drugs (CanREValue) collaboration*. BMJ Open."
"f9d30b82-850e-4405-90d3-e1be829bce57","16_ICER-Real-World-Evidence-White-Paper-03282018.pdf","USA","ICER","Real World Evidence for Coverage Decisions: Opportunities and Challenges A Report from the 2017 ICER Membership Policy Summit",2018,"https://icer.org/wp-content/uploads/2020/11/ICER-Real-World-Evidence-White-Paper-03282018.pdf","Hampson et al. (2017). *Real World Evidence for Coverage Decisions: Opportunities and Challenges: A Report from the 2017 ICER Membership Policy Summit*."
"3424f6db-3913-4d2b-a507-7db34db3345b","176_Facey-2021-Implementing Outcomes-Based Managed.pdf",,,,,"https://doi.org/10.1007/s40273-021-01050-5","Facey, K. M., et al. (2021). *Implementing Outcomes-Based Managed Entry Agreements for Rare Disease Treatments: Nusinersen and Tisagenlecleucel*."
"efd96cfc-fc8c-4da2-97ad-7359d7126b74","178_García Martí-2023-Real-world evidence_ experie.pdf",,,,,"https://doi.org/10.1017/s0266462323002647","García Martí, S., Pichón-Riviere, A., Augustovski, F., & Espinoza, M. (2023). *Real-world evidence: experiences and challenges for decision making in Latin America*. International Journal of Technology Assessment in Health Care."
"59b8c9b7-0a5f-46d1-9450-6fdd8ce475c6","180_Gruber-2023-Evaluating and improving real-worl.pdf",,,,,,"Gruber et al. (2023). *Evaluating and improving real-world evidence with Targeted Learning*."
"113b62d6-ebbb-4bb6-9c76-a0b7b7dd80dc","181_Hamad-2023-Applying value-based strategies to.pdf",,,,,"https://doi.org/10.21203/rs.3.rs-1793202/v1","Hamad et al. (2023). *Applying value-based strategies to accelerate access to novel cancer medications: guidance from the Oncology Health Economics Expert Panel in Qatar (Q-OHEP)*."
"579fc885-52dd-41a8-b9de-8b16de756c35","183_Hogervorst-2023-Uncertainty management in regu.pdf",,,,,"https://doi.org/10.1017/s0266462323000375","Hogervorst, M. A., Vreman, R., Heikkinen, I., Bagchi, I., Gutierrez-Ibarluzea, I., Ryll, B., Eichler, H.-G., Petelos, E., Tunis, S., Sapede, C., Goettsch, W., Janssens, R., Huys, I., Barbier, L., DeJean, D., Strammiello, V., Lingri, D., Goodall, M., Papadaki, M., Toussi, M., Voulgaraki, D., Mitan, A., & Oortwijn, W. (2023). *Uncertainty management in regulatory and health technology assessment decision-making on drugs: guidance of the HTAi-DIA Working Group*. International Journal of Technology Assessment in Health Care."
"24337fb7-3652-454c-a316-73576a87af15","185_Kang-2022-Exploring uncertainty and use of rea.pdf",,,,,"https://doi.org/10.1186/s12885-022-10350-8","Kang et al. (2022). *Exploring uncertainty and use of real-world data in the National Institute for Health and Care Excellence single technology appraisals of targeted cancer therapy*."
"d1730dd1-131e-4e2c-bef1-c0dad97b8f9a","186_Kang-2024-Cross-sectional analysis of use of r.pdf",,,,,"https://doi.org/10.1136/bmjopen-2023-077297","Kang, J., & Cairns, J. (2024). *Cross-sectional analysis of use of real-world data in single technology appraisals of oncological medicine by the National Institute for Health and Care Excellence in 2011-2021*. BMJ Open."
"1d998253-f2dd-43fd-bf13-11affe0723a4","188_Lai-2022-Existing barriers and recommendations.pdf",,,,,"https://doi.org/10.1136/bmjopen-2021-059029","BMJ Open. (2022). *Existing barriers and recommendations of real-world data standardisation for clinical research in China: a qualitative study*. BMJ Open."
"9200d08e-44ab-473d-ae6d-bc188d217ec0","18_good-practice-guide-use-hma-ema-catalogues-real-world-data-sources-studies_en.pdf","Europe","EMA-HMA","Good Practice Guide for the use of the HMA-EMA catalogues of real-world data sources and studies (regulators, researchers (including academia and pharmaceutical industry) and other interested stakeholders)",2025,"https://www.ema.europa.eu/en/documents/regulatory-procedural-guideline/good-practice-guide-use-hma-ema-catalogues-real-world-data-sources-studies_en.pdf","EMA. (2025). *Good Practice Guide for the use of the HMA-EMA Catalogues of real-world data sources and studies*. European Medicines Agency."
"1ca70091-af63-4e12-b19d-27d3f379c226","190_Leahy-2020-The use of UK primary care database.pdf",,,,,"https://doi.org/10.1186/s12913-020-05529-3","Leahy et al. (2020). *The use of UK primary care databases in health technology assessments carried out by the National Institute for health and care excellence (NICE)*."
"198432df-b27b-4094-bed1-7096ee6f2034","192_Lou-2020-Real-world data for health technology.pdf",,,,,"https://doi.org/10.1017/s0266462320000628","Lou et al. (2020). *Real-world data for health technology assessment for reimbursement decisions in Asia: current landscape and a way forward*. International Journal of Technology Assessment in Health Care."
"2fd85ec0-11b8-4e71-985d-0231ee924d64","194_McIntosh-2017-Repeat_ a framework to assess em.pdf",,,,,"https://doi.org/10.31219/osf.io/4np66","McIntosh et al. (2016). *Repeat: a framework to assess empirical reproducibility in biomedical research*."
"6cefe0e4-76af-40a7-9e85-d24f4a657b7f","195_Ming-2022-Health technology assessment of medi.pdf",,,,,"https://doi.org/10.1186/s12962-022-00389-6","Ming, J., He, Y., Yang, Y., Hu, M., Zhao, X., Liu, J., Xie, Y., Wei, Y., & Chen, Y. (2022). *Health technology assessment of medical devices: current landscape, challenges, and a way forward*."
"da777ca9-aeb0-42df-875c-ac1e439ba750","196_Mpofu-2023-Evaluation of US oncology electroni.pdf",,,,,"https://doi.org/10.1136/bmjopen-2023-074559","Mpofu et al. (2023). *Evaluation of US oncology electronic health record real- world data to reduce uncertainty in health technology appraisals: a retrospective cohort study*. BMJ Open."
"0e906873-0d92-4289-95fc-3bb136d8b25e","198_Plueschke-2018-EU-funded initiatives for real.pdf",,,,,"https://doi.org/10.1136/bmjopen-2018-021864","Plueschke et al. (2018). *EU-funded initiatives for real world evidence: descriptive analysis of their characteristics and relevance for regulatory decision-making*. BMJ Open."
"0c6a9b0a-fa3b-439f-90aa-e0de150a7853","19_user-guide-hma-ema-catalogues-real-world-data-sources-studies_en.pdf","Europe","EMA-HMA","User guide of the HMA-EMA Catalogues of real-world data sources and studies (regulators, researchers (including academia and pharmaceutical industry) and other interested stakeholders)",2025,"https://www.ema.europa.eu/en/documents/regulatory-procedural-guideline/user-guide-hma-ema-catalogues-real-world-data-sources-studies_en.pdf","EMA. (2025). *User guide of the HMA-EMA Catalogues of real-world data sources and studies*. European Medicines Agency."
"88c1ad18-4fff-45ff-9f4f-abe96cff7ed9","1_Guidance-Predetermined-Change-Control-AIML.pdf","USA","FDA","Marketing Submission Recommendations for a Predetermined Change Control Plan for Artificial Intelligence-Enabled Device Software Functions (Industry and Food and Drug Administration Staff)",2024,"https://www.fda.gov/media/166704/download","FDA. (2024). *Marketing Submission Recommendations for a Predetermined Change Control Plan for Artificial Intelligence-Enabled Device Software Functions*. U.S. Food and Drug Administration."
"b1c6c265-a7bd-44b1-9de7-9d8af0b32c04","200_Sangiorgi-2024-SATURN_ assessing the feasibili.pdf",,,,,"https://doi.org/10.1186/s13023-024-03341-4","Sangiorgi, L., Boarini, M., Mordenti, M., Wang, V., Westerheim, I., Skarberg, R. T., Cavaller-Bellaubi, M., Clancy, J., Pinedo-Villanueva, R., Lente, E. J. V., & Marchetti, M. (2024). *SATURN: assessing the feasibility of utilising existing registries for real-world evidence data collection to meet patients, regulatory, health technology assessment and payer requirements*."
"fdc73163-88ca-4241-90d0-95a0a44da43e","2022_JAMIA Open_Trajectories.pdf",,,,,"https://doi.org/10.1093/jamiaopen/ooac021","Kuännapuu et al. (2022). *Trajectories: a framework for detecting temporal clinical event sequences from health data standardized to the Observational Medical Outcomes Partnership (OMOP) Common Data Model*. Oxford University Press on behalf of the American Medical Informatics Association."
"622a171b-f1bb-4b90-a9cc-1113ee4fa223","202409 - GDI_D7.5 Report to identify the initial set of recommendations for addressing use cases.pdf",,,,,,"GDI Project. (2024). *Report to identify the initial set of recommendations for addressing use cases*."
"4b6ff581-e12d-4f3f-81f7-936542c72483","2025.02.25.25322591v1.full.pdf",,,,,,"Halilaj et al. (2025). *Improving Patient Engagement in Phase 2 Clinical Trials with a Trialspecific Patient Decision Aid (tPDA): A Development and Usability Study*."
"2282caaa-849e-4af2-9d1b-b078961c493d","202504 - GDI_D8.6 Report on privacy-enhancing solutions.pdf",,,,,,"GDI Project. (2024). *Report on privacy-enhancing solutions*."
"4f5e2fee-9d41-4cc9-ac5e-64ca3f557d6f","202504 - GDI_D8.9 Distributed analysis and federated learning PoC.pdf",,,,,,"European Genomic Data Infrastructure (GDI). (2025). *Distributed analysis and federated learning PoC*."
"074daf4f-53c3-41a8-b4cd-e4b2235b6cd3","202509 - GDI_D8.1 Federated access and federated learning technologies for advanced data analytics scenarios.pdf",,,,,,"European Genomic Data Infrastructure (GDI). (2024). *Federated access and federated learning technologies for advanced data analytics scenarios*."
"41d3f124-df45-4021-b79f-09c042f80714","202510 - GDI_D3.4 Updated infrastructure status report and updated roadmap (1).pdf",,,,,,"Genomic Data Infrastructure. (2025). *Updated infrastructure status report and updated roadmap*."
"fab6048f-88e3-4c61-84f5-1a65fcf35b4c","202512 - GDI D2.4 Framework for data governance.pdf",,,,,,"Genome EDIC. (2024). *Framework for data governance*. European Union."
"ff535e5d-8883-4866-b5b5-858b01c87867","2026-SLF-Target-Trial-Emulation-Report.pdf",,,,,,"GetReal Institute. (2025). *SHARED LEARNING FORUM: TARGET TRIAL EMULATION (TTE) - GetReal Institute Post-Workshop Report*."
"5885bd45-5d0b-4eed-bc6e-f39cebb0c721","202601 - GDI_D8.2 Integration of genomics and phenotypic data.pdf",,,,,,"GDI. (2025). *Integration of genomics and phenotypic data*. European Genomic Data Infrastructure."
"95602db7-7650-4498-b899-fac871353707","202_Serrano-Aguilar-2021-Postlaunch evidence-gener.pdf",,,,,"https://doi.org/10.1017/s0266462321000295","Serrano-Aguilar et al. (2021). *Postlaunch evidence-generation studies for medical devices in Spain: the RedETS approach to integrate real-world evidence into decision making*. International Journal of Technology Assessment in Health Care."
"c02f8c41-146a-4de5-ab50-bfbd43321e35","204_Shi-2023-Benchmarking Drug Regulatory Systems.pdf",,,,,"https://doi.org/10.34172/ijhpm.2023.8100","Shi, J., Chen, X., Hu, H., & Ung, C. O. L. (2023). *Benchmarking Drug Regulatory Systems for Capacity Building: An Integrative Review of Tools, Practice, and Recommendations*. Int J Health Policy Manag."
"3265fb7f-c120-4722-b752-3c0bd6e38427","207_Sullivan-2022-A Structured Methodology to Asse.pdf",,,,,"https://doi.org/10.1007/s40290-022-00436-w","Sullivan et al. (2022). *A Structured Methodology to Assess Safety Signal Strength and Inform Causality Assessment*."
"946ef94e-06e3-4168-aa90-fee2fbc08ddf","208_Thorlund-2020-Synthetic and External Controls.pdf",,,,,"https://doi.org/10.2147/clep.s242097","Clinical Epidemiology. (n.d.). *Synthetic and External Controls in Clinical Trials -A Primer for Researchers*."
"b06fa746-9a13-4264-9b66-de1350fb06d1","20_data-quality-framework-eu-medicines-regulation_en.pdf","Europe","EMA-HMA","Data Quality Framework for EU medicines regulation",2023,"https://www.ema.europa.eu/en/documents/regulatory-procedural-guideline/data-quality-framework-eu-medicines-regulation_en.pdf","EMA. (2023). *Data Quality Framework for EU medicines regulation*. European Medicines Agency."
"a7e2877f-ebda-445e-aaaa-1765d55550ff","212_Wheaton-2025-Use of surrogate endpoints in hea.pdf",,,,,"https://doi.org/10.1017/s0266462325000017","Wheaton, L., & Bujkiewicz, S. (2025). *Use of surrogate endpoints in health technology assessment: a review of selected NICE technology appraisals in oncology*. International Journal of Technology Assessment in Health Care."
"5f0622df-e31e-4992-ba94-3f421ab47676","213_Williamson-2023-An application of the Causal R.pdf",,,,,"https://doi.org/10.1017/cts.2023.632","Williamson et al. (2023). *An application of the Causal Roadmap in two safety monitoring case studies: Causal inference and outcome prediction using electronic health record data*. Journal of Clinical and Translational Science."
"d0ab612e-e8f5-4ae0-8004-2d8225d8035e","214_de Lusignan-2015-Creating and using real-world.pdf",,,,,"https://doi.org/10.14236/jhi.v22i3.177","de Lusignan, S., Crawford, L., & Munro, N. (2015). *Creating and using real-world evidence to answer questions about clinical effectiveness*. J Innov Health Inform."
"f21a0081-812c-4a93-ad58-2b4b9dd5f578","21_real-world-evidence-framework-support-eu-regulatory-decision-making-report-experience-gained-regulator-led-studies-september-2021-february-2023_en.pdf","Europe","EMA-HMA","Real-world evidence framework to support EU regulatory decision-making",2023,"https://www.ema.europa.eu/en/documents/report/real-world-evidence-framework-support-eu-regulatory-decision-making-report-experience-gained-regulator-led-studies-september-2021-february-2023_en.pdf","EMA. (2023). *Real-world evidence framework to support EU regulatory decision-making: Report on the experience gained with regulator-led studies from September 2021 to February 2023*. European Medicines Agency."
"49b8a4c6-75ee-4cac-949b-fd96da9f425b","220_EMA_HMA_RWE to support regulatory decision-making.pdf",,,,,,"EMA. (2025). *Real-world evidence framework to support EU regulatory decision-making: 3rd report on the experience gained with regulator-led studies from February 2024 to February 2025*. European Medicines Agency."
"66f2dc40-4bd4-4f6e-82f2-dff0ff5cc573","221_draft-concept-paper-development-reflection-paper-use-external-controls-evidence-generation-regulatory-decision-making_en.pdf",,,,,,"EMA. (2025). *Concept Paper on the Development of a Reflection Paper on the Use of External Controls for Evidence Generation in Regulatory Decision-Making*. European Medicines Agency."
"3fcab9f0-36df-49ec-8a0c-ea260f0b9b84","223_md_mdcg_2020_6_meddev-2.7-1_rev4_en.pdf",,,,,,"European Commission. (2012). *Guidelines on Medical Devices Clinical Evaluation: A Guide for Manufacturers and Notified Bodies under Directives 93/42/EEC and 90/385/EEC*. European Commission."
"4ba6935e-9d2f-4dfd-b2fe-1809baa759f1","224_md_mdcg_2020_7_guidance_pmcf_plan_template_en.pdf",,,,,,"MDCG. (2020). *Post-market clinical follow-up (PMCF) Plan Template: A guide for manufacturers and notified bodies*. Medical Device Coordination Group."
"3e266453-f477-436b-890e-df255c2a4500","225_md_mdcg_2020_8_guidance_pmcf_evaluation_report_en.pdf",,,,,,"MDCG. (2020). *Post-market clinical follow-up (PMCF) Evaluation Report Template: A guide for manufacturers and notified bodies*. Medical Device Coordination Group."
"79a74ea4-c131-4ed1-8b65-0a3b6121ed7f","226_outcome-public-consultation-reflection-paper-use-real-world-data-non-interventional-studies-generate-real-world-evidence-regulatory-purposes-summary-report-comments-received-during-public-consultation_en.pdf",,,,,,"EMA. (2025). *Outcome of public consultation on the Reflection Paper Use of real-world data in non-interventional studies to generate real-world evidence for regulatory purposes. Summary report of comments received during the public consultation*. European Medicines Agency."
"50732770-7ef9-40ef-bc63-1dcbd708548d","228_smc-position-statment-on-rwe-v10.pdf",,,,,,"SMC. (*Scottish Medicines Consortium (SMC) Position Statement on the Use of RealWorld Evidence (RWE)*). Scottish Medicines Consortium."
"f82b8280-4eee-48fb-a649-48b42f517511","22_guide-real-world-evidence-provided-ema-support-regulatory-decision-making_en.pdf","Europe","EMA-HMA","Real-world evidence provided by EMA Support for regulatory decision-making",2024,"https://www.ema.europa.eu/en/documents/other/guide-real-world-evidence-provided-ema-support-regulatory-decision-making_en.pdf","EMA. (2024). *Real-world evidence provided by EMA: Support for regulatory decision-making*. European Medicines Agency."
"369c709d-a636-4417-a503-cdd643d79efb","230_Abrahami 2021.pdf",,"Abrahami, D.;Pradhan, R.;Yin, H.;Honig, P.;Baumfeld Andre, E.;Azoulay, L.","Use of Real-World Data to Emulate a Clinical Trial and Support Regulatory Decision Making: Assessing the Impact of Temporality, Comparator Choice, and Method of Adjustment",2021,"https://doi.org/10.1002/cpt.2012","Abrahami et al. (2020). *Use of Real-World Data to Emulate a Clinical Trial and Support Regulatory Decision Making: Assessing the Impact of Temporality, Comparator Choice, and Method of Adjustment*."
"a3119229-810e-4ee5-a3c4-5b36f1b981bf","231_Adams 2024.pdf",,"Adams, C.;Keller, M.;Michlitsch, J. G.;Aguayo-Hiraldo, P.;Chen, K.;Hossain, M. Z.;Davis, A.;Park, J. R.;Verneris, M. R.;Gardner, R. A.","Development of a Safety Surveillance Plan for the Academic Medicine Sponsor Performing First-in-Human Cellular Therapy Clinical Trials: A Report from the Consortium for Pediatric Cellular Immunotherapy",2024,"https://doi.org/10.1016/j.jtct.2024.02.022","Adams, C., Keller, M., Michlitsch, J. G., Aguayo-Hiraldo, P., Chen, K., Hossain, M. Z., Davis, A., Park, J. R., Verneris, M. R., & Gardner, R. A. (2024). *Development of a Safety Surveillance Plan for The Academic Medicine Sponsor Performing First in Human Cellular Therapy Clinical Trials: A Report from the Consortium for Pediatric Cellular Immunotherapy*. Transplant Cell Ther."
"c0edd449-7d9d-48eb-8cb0-dcfd158f675f","232_Anderson-2023-Real-world evidence generation f.pdf",,"Anderson, P.;Higgins, V.;Courcy, J.;Doslikova, K.;Davis, V. A.;Karavali, M.;Piercy, J.","Real-world evidence generation from patients, their caregivers and physicians supporting clinical, regulatory and guideline decisions: an update on Disease Specific Programmes",2023,"https://doi.org/10.1080/03007995.2023.2279679","Anderson, P., Higgins, V., de Courcy, J., Doslikova, K., Davis, V. A., Karavali, M., & Piercy, J. (2023). *Real-world evidence generation from patients, their caregivers and physicians supporting clinical, regulatory and guideline decisions: an update on Disease Specific Programmes*. Current Medical Research and Opinion."
"0a772e2e-32bf-4073-881a-148edb5fa5f8","234_Appiah 2024.pdf",,"Appiah, K.;Rizzo, M.;Sarri, G.;Hernandez, L.","Justifying the source of external comparators in single-arm oncology health technology submissions: a review of NICE and PBAC assessments",2024,"https://doi.org/10.57264/cer-2023-0140","Appiah et al. (2024). *Justifying the source of external comparators in single-arm oncology health technology submissions: a review of NICE and PBAC assessments*."
"1cb08865-3f0b-4158-9e20-29299e3d3d22","235_Arora 2025.pdf",,"Arora, P.;Ramagopalan, S. V.","R WE ready for reimbursement? A round up of developments in real-world evidence relating to health technology assessment: part 19",2025,"https://doi.org/10.57264/cer-2025-0063","Arora & Ramagopalan. (2025). *R WE ready for reimbursement? A round up of developments in real-world evidence relating to health technology assessment: part 19*."
"c3a841f1-d75b-4b8d-a0c0-1e866380f1cc","236_Babrak 2022.pdf",,"Babrak, L. M.;Smakaj, E.;Agac, T.;Asprion, P. M.;Grimberg, F.;der Werf, D. V.;van Ginkel, E. W.;Tosoni, D. D.;Clay, I.;Degen, M.;Brodbeck, D.;Natali, E. N.;Schkommodau, E.;Miho, E.","RWD-Cockpit: Application for Quality Assessment of Real-world Data",2022,"https://doi.org/10.2196/29920","JMIR Formative Research. (2022). *RWD-Cockpit: Application for Quality Assessment of Real-world Data*. JMIR Formative Research."
"509b5c8e-570c-4500-9271-2a7f328685b9","237_Baghbanian-2025-Methods for the health technol.pdf",,"Baghbanian, A.;Carter, D.;Merlin, T.","Methods for the health technology assessment of complex interventions: A scoping review",2025,"https://doi.org/10.1371/journal.pone.0315381","Baghbanian, A., Carter, D., & Merlin, T. (2025). *Methods for the health technology assessment of complex interventions: A scoping review*. PLoS ONE."
"012efa20-c8c0-45bd-a801-b2b82a7b30fe","238_Bahri-2021-Systematising Pharmacovigilance Eng.pdf",,"Bahri, P.;Pariente, A.","Systematising Pharmacovigilance Engagement of Patients, Healthcare Professionals and Regulators: A Practical Decision Guide Derived from the International Risk Governance Framework for Engagement Events and Discourse",2021,"https://doi.org/10.1007/s40264-021-01111-w","Bahri, P., & Pariente, A. (2021). *Systematising Pharmacovigilance Engagement of Patients, Healthcare Professionals and Regulators: A Practical Decision Guide Derived from the International Risk Governance Framework for Engagement Events and Discourse*."
"1bfae2fe-c61d-45f4-a84a-9de36154945d","239_Bandon 2024.pdf",,"Bando, H.;Misumi, T.;Sakamoto, Y.;Takeda, Y.;Nakamura, Y.;Mizuguchi, K.;Aoyagi, Y.;Miki, I.;Kuroda, T.;Kasai, R.;Suzuki, T.;Yoshino, T.;Ohtsu, A.","Appropriate Relevancy and Reliability of Real-World Data for the Utilization of Regulatory Submission",2024,"https://doi.org/10.1016/j.clcc.2024.04.001","Bando et al. (2024). *Appropriate Relevancy and Reliability of Real-World Data for the Utilization of Regulatory Submission*. Clinical Colorectal Cancer."
"c2f5e582-5edd-4772-b4ef-5ecdd73a9296","23_list-metadata-hma-ema-catalogues-real-world-data-sources-studies_en.pdf","Europe","EMA-HMA","List of metadata for the HMA-EMA Catalogues of real-world data sources and studies",2025,"https://www.ema.europa.eu/en/documents/other/list-metadata-hma-ema-catalogues-real-world-data-sources-studies_en.pdf","EMA. (2025). *List of metadata for the HMA-EMA Catalogues of realworld data sources and studies*. European Medicines Agency."
"65d52501-e777-4d4f-a3a8-f46092248102","240_Beyrer 2022.pdf",,"Beyrer, J.;Abedtash, H.;Hornbuckle, K.;Murray, J. F.","A review of stakeholder recommendations for defining fit-for-purpose real-world evidence algorithms",2022,"https://doi.org/10.2217/cer-2022-0006","Beyrer, J., Abedtash, H., Hornbuckle, K., & Murray, J. F. (2022). *A review of stakeholder recommendations for defining fit-for-purpose real-world evidence algorithms*."
"3dfa2191-84f4-4bad-9f84-1c9200c2e79c","241_Bray 2023 (a).pdf",,"Bray, B.;Ramagopalan, S. V.","R WE ready for reimbursement? A round up of developments in real-world evidence relating to health technology assessment: part 11",2023,"https://doi.org/10.57264/cer-2023-0008","Bray, B., & Ramagopalan, S. V. (2023). *R WE ready for reimbursement? A round up of developments in real-world evidence relating to health technology assessment: part 11*."
"b82c5611-28ba-40b1-8792-9adb3122f30d","242_Bray 2023 (b).pdf",,"Bray, B.;Ramagopalan, S. V.","R WE ready for reimbursement? A round up of developments in real-world evidence relating to health technology assessment: part 12",2023,"https://doi.org/10.57264/cer-2023-0092","Bray, B., & Ramagopalan, S. V. (2023). *R WE ready for reimbursement? A round up of developments in real-world evidence relating to health technology assessment: part 12*."
"985b40c2-b187-4126-bfd6-59a6f83e4321","243_Bray 2023 (c).pdf",,"Bray, B. D.;Ramagopalan, S. V.","R WE ready for reimbursement? A round up of developments in real-world evidence relating to health technology assessment: part 13",2023,"https://doi.org/10.57264/cer-2023-0141","Bray et al. (2023). *R WE ready for reimbursement? A round up of developments in real-world evidence relating to health technology assessment: part 13*."
"9b4de9b4-3ce1-4471-835d-d3bf4e92fe0f","244_Bray 2024.pdf",,"Bray, B. D.;Ramagopalan, S. V.","R WE ready for reimbursement? A round up of developments in real-world evidence relating to health technology assessment: part 14",2024,"https://doi.org/10.57264/cer-2023-0189","Bray, B. D., & Ramagopalan, S. V. (2024). *R WE ready for reimbursement? A round up of developments in real-world evidence relating to health technology assessment: part 14*."
"1b116f07-a6ad-46ea-91f9-e60c2ee6766d","245_Bucher-2025-Strengthening health technology as.pdf",,"Bucher, H. C.;Chammartin, F.","Strengthening health technology assessment for cancer treatments in Europe by integrating causal inference and target trial emulation",2025,"https://doi.org/10.1016/j.lanepe.2025.101294","The Lancet Regional Health - Europe. (2025). *Strengthening health technology assessment for cancer treatments in Europe by integrating causal inference and target trial emulation*."
"e2767c79-58c6-4f56-bed5-f88031f3fbce","246_Bullement-2020-Real-world evidence use in asse.pdf",,"Bullement, A.;Podkonjak, T.;Robinson, M. J.;Benson, E.;Selby, R.;Hatswell, A. J.;Shields, G. E.","Real-world evidence use in assessments of cancer drugs by NICE",2020,"https://doi.org/10.1017/s0266462320000434","Bullement et al. (2020). *Real-world evidence use in assessments of cancer drugs by NICE*. International Journal of Technology Assessment in Health Care."
"1828e2ef-b6fe-43ff-a9df-78acdbd4fa6f","247_Burcu-2022-A Framework for Extension Studies U.pdf",,"Burcu, M.;Manzano-Salgado, C. B.;Butler, A. M.;Christian, J. B.","A Framework for Extension Studies Using Real-World Data to Examine Long-Term Safety and Effectiveness",2022,"https://doi.org/10.1007/s43441-021-00322-8","Burcu, M., Manzano-Salgado, C. B., Butler, A. M., & Christian, J. B. (2021). *A Framework for Extension Studies Using Real-World Data to Examine Long-Term Safety and Effectiveness*."
"55d31149-bcb7-43ac-9232-70bb4ac98d6c","248_Burns-2022-Real-World Evidence for Regulatory.pdf",,"Burns, L.;Le Roux, N.;Kalesnik-Orszulak, R.;Christian, J.;Dudinak, J.;Rockhold, F.;Khozin, S.;O'Donnell, J.","Real-world evidence for regulatory decision-making: updated guidance from around the world",2022,"https://doi.org/10.3389/fmed.2023.1236462","Burns et al. (2022). *Real-World Evidence for Regulatory Decision-Making: Guidance From Around the World*. Clinical Therapeutics."
"d21dfa01-d503-44f3-bebb-98005bbc9849","249_Burns-2023-Real-world evidence for regulatory.pdf",,"Burns, L.;Roux, N. L.;Kalesnik-Orszulak, R.;Christian, J.;Hukkelhoven, M.;Rockhold, F.;O'Donnell, J.","Real-World Evidence for Regulatory Decision-Making: Guidance From Around the World",2023,"https://doi.org/10.1016/j.clinthera.2022.01.012","Burns et al. (2023). *Real-world evidence for regulatory decision-making: updated guidance from around the world*. Front. Med."
"04484267-a938-470c-88ba-0d306eae1e84","24_guidelines-good-pharmacovigilance-practices-gvp-introductory-cover-note-last-updated-final-revision-3-module-xvi-risk-minimisation-measures-its-addendum-.pdf","Europe","EMA-HMA","Guideline on good pharmacovigilance practices",2024,"https://www.ema.europa.eu/en/human-regulatory-overview/post-authorisation/pharmacovigilance-post-authorisation/good-pharmacovigilance-practices","EMA. (2024). *Guidelines on good pharmacovigilance practices (GVP)*. European Medicines Agency."
"f24963c2-2a78-46ad-85c6-d565735af672","2505.17893v2.pdf",,,,,,"Mali et al. (*Consensus in the Parliament of AI: Harmonized Multi-Region CT-Radiomics and Foundation-Model Signatures for Multicentre NSCLC Risk Stratification*)."
"c372f982-96fb-4302-ad51-9ccef4970d68","2505.17971v1.pdf",,,,,,"Khan et al. (2024). *Explainable Anatomy-Guided AI for Prostate MRI: Foundation Models and In Silico Clinical Trials for Virtual Biopsy-based Risk Assessment*."
"6989a532-4cd8-4583-9e83-ead8664d2cfd","2505.18058v1.pdf",,,,,,"Zhang et al. (2024). *A Foundation Model Framework for Multi-View MRI Classification of Extramural Vascular Invasion and Mesorectal Fascia Invasion in Rectal Cancer*."
"0c4d80b2-aeee-41e5-82f9-0d022876b2ab","2508.03524v1.pdf",,,,,,"Xu et al. (2025). *Semantic Mosaicing of Histo-Pathology Image Fragments using Visual Foundation Models*."
"4c864c98-e128-463b-ac8c-0cda0672e9fa","2509.11406v1.pdf",,,,,,"Fürböck et al. (2024). *No Modality Left Behind: Dynamic Model Generation for Incomplete Medical Data*."
"a59adaf0-6376-4f1a-b771-74fe2be8777e","2509.12905v1.pdf",,,,,"https://doi.org/10.1007/978-3-032-09513-8_34","Mitic et al. (*AREPAS: Anomaly Detection in Fine-Grained Anatomy with Reconstruction-Based Semantic Patch-Scoring*)."
"fec8102e-b47d-4c1a-84ab-932bb02d5dfa","251_Cars-2019-A framework for monitoring of new dr.pdf",,"Cars, T.;Lindhagen, L.;Sundström, J.","A framework for monitoring of new drugs in Sweden",2019,"https://doi.org/10.1080/03009734.2018.1550454","Upsala Journal of Medical Sciences. (2019). *A framework for monitoring of new drugs in Sweden*."
"5b495d5c-6ad5-4265-aa22-ef7382fec7c0","252_Castanon 2024 (a).pdf",,"Castanon, A.;Bray, B. D.;Ramagopalan, S. V.","R WE ready for reimbursement? A round up of developments in real-world evidence relating to health technology assessment: part 15",2024,"https://doi.org/10.57264/cer-2024-0033","Castanon, A., Bray, B. D., & Ramagopalan, S. V. (2024). *R WE ready for reimbursement? A round up of developments in real-world evidence relating to health technology assessment: part 15*."
"f1f11450-578d-4825-8104-25149cc78baf","253_Castanon 2024 (b).pdf",,"Castanon, A.;Tsvetanova, A.;Ramagopalan, S. V.","RWE ready for reimbursement? A round up of developments in real-world evidence relating to health technology assessment: part 16",2024,"https://doi.org/10.57264/cer-2024-0095","Castanon, A., Tsvetanova, A., & Ramagopalan, S. V. (2024). *RWE ready for reimbursement? A round up of developments in real-world evidence relating to health technology assessment: part 16*."
"dddb9ee3-b0c1-41c4-a8e7-91e508f98142","254_Chang 2024.pdf",,"Chang, J. A.;Chilcott, J. B.;Latimer, N. R.","Challenges and Opportunities in Interdisciplinary Research and Real-World Data for Treatment Sequences in Health Technology Assessments",2024,"https://doi.org/10.1007/s40273-024-01363-1","Chang, J.-Y. A., Chilcott, J. B., & Latimer, N. R. (2024). *Challenges and Opportunities in Interdisciplinary Research and Real-World Data for Treatment Sequences in Health Technology Assessments*. Springer Nature Switzerland AG."
"a34d6ce4-b9c1-4510-911f-ede55a0015d8","255_Che-2025-The Use of Real-World Data for Estima.pdf",,"Che, Y.;Duffield, S.;Gomes, M.","The Use of Real-World Data for Estimating Relative Treatment Effects in NICE Health Technology Assessment Submissions: A Review",2024,"https://doi.org/10.1007/s40273-024-01449-w","Che, Y., Duffield, S., & Gomes, M. (2024). *The Use of Real-World Data for Estimating Relative Treatment Effects in NICE Health Technology Assessment Submissions: A Review*."
"fadd7f08-f216-432c-8a92-23e13d83a685","256_Chen 2025.pdf",,"Chen, J.;Gruber, S.;Lee, H.;Chu, H.;Lee, S.;Tian, H.;Wang, Y.;He, W.;Jemielita, T.;Song, Y.;Tamura, R.;Tian, L.;Zhao, Y.;Chen, Y.;van der Laan, M.;Nie, L.","Use of Real-World Data and Real-World Evidence in Rare Disease Drug Development: A Statistical Perspective",2025,"https://doi.org/10.1002/cpt.3576","Chen et al. (2024). *Use of Real-World Data and Real-World Evidence in Rare Disease Drug Development: A Statistical Perspective*."
"b20ec0d8-ea4c-430c-9878-9dee849dd1f9","257_Claire-2023-Advancing the use of real world ev.pdf",,"Claire, R.;Elvidge, J.;Hanif, S.;Goovaerts, H.;Rijnbeek, P. R.;Jónsson, P.;Facey, K.;Dawoud, D.","Advancing the use of real world evidence in health technology assessment: insights from a multi-stakeholder workshop",2023,"https://doi.org/10.3389/fphar.2023.1289365","Claire, R., Elvidge, J., Hanif, S., Goovaerts, H., Rijnbeek, P. R., Jónsson, P., Facey, K., & Dawoud, D. (2024). *Advancing the use of real world evidence in health technology assessment: insights from a multi-stakeholder workshop*. Front. Pharmacol."
"b0579abc-c4cc-46f6-84a6-bdcd841fa395","258_Crane-2022-The challenges and opportunities in.pdf",,"Crane, G.;Lim, J. C. W.;Gau, C. S.;Xie, J.;Chu, L.","The challenges and opportunities in using real-world data to drive advances in healthcare in East Asia: expert panel recommendations",2022,"https://doi.org/10.1080/03007995.2022.2096354","Crane, G., Lim, J. C. W., Gau, C.-S., Xie, J., & Chu, L. (2022). *The challenges and opportunities in using real-world data to drive advances in healthcare in East Asia: expert panel recommendations*. Current Medical Research and Opinion."
"8780db1e-65ec-47d4-981b-02ed4a658740","259_Curtis-2023-Regulatory and HTA Considerations.pdf",,"Curtis, L. H.;Sola-Morales, O.;Heidt, J.;Saunders-Hastings, P.;Walsh, L.;Casso, D.;Oliveria, S.;Mercado, T.;Zusterzeel, R.;Sobel, R. E.;Jalbert, J. J.;Mastey, V.;Harnett, J.;Quek, R. G. W.","Regulatory and HTA Considerations for Development of Real-World Data Derived External Controls",2023,"https://doi.org/10.1002/cpt.2913","Curtis, L. H., et al. (2024). *Regulatory and HTA Considerations for Development of Real-World Data Derived External Controls*."
"44bd2e7f-f819-4451-bde3-1fc01f9cfcf5","25_Clin Pharma and Therapeutics - 2019 - Cave - Real‐World Data for Regulatory Decision Making  Challenges and Possible.pdf","Europe","EMA-HMA","“Real-World Data for Regulatory Decision Making: Challenges and Possible Solutions for Europe” Cave, Kurz and Arlett",2019,"https://pubmed.ncbi.nlm.nih.gov/30970161/","Cave, A., Kurz, X., & Arlett, P. (2019). *Real-World Data for Regulatory Decision Making: Challenges and Possible Solutions for Europe*. Clinical Pharmacology & Therapeutics."
"1df30e6f-1d51-48fb-b637-a0be2b30c822","260_Daigl 2024.pdf",,"Daigl, M.;Abogunrin, S.;Castro, F.;McGough, S. F.;Sturrup, R. H.;Boersma, C.;Abrams, K. R.","Advancing the role of real-world evidence in comparative effectiveness research",2024,"https://doi.org/10.57264/cer-2024-0101","Daigl, M., Abogunrin, S., Castro, F., McGough, S. F., Hendricks Sturrup, R., Boersma, C., & Abrams, K. R. (2024). *Advancing the role of real-world evidence in comparative effectiveness research*."
"4b1a755f-2886-4c69-a422-515237dde2d6","261_Dang-2023-A causal roadmap for generating high.pdf",,"Dang, L. E.;Gruber, S.;Lee, H.;Dahabreh, I. J.;Stuart, E. A.;Williamson, B. D.;Wyss, R.;Díaz, I.;Ghosh, D.;Kıcıman, E.;Alemayehu, D.;Hoffman, K. L.;Vossen, C. Y.;Huml, R. A.;Ravn, H.;Kvist, K.;Pratley, R.;Shih, M. C.;Pennello, G.;Martin, D.;Waddy, S. P.;Barr, C. E.;Akacha, M.;Buse, J. B.;van der Laan, M.;Petersen, M.","A causal roadmap for generating high-quality real-world evidence",2023,"https://doi.org/10.1017/cts.2023.635","Dang, L. E., et al. (2023). *A causal roadmap for generating high-quality real-world evidence*. Journal of Clinical and Translational Science."
"0dfb410a-c9e9-4488-85d3-892c0890ee93","262_Demuth 2025.pdf",,"Demuth, S.;De Sèze, J.;Edan, G.;Ziemssen, T.;Simon, F.;Gourraud, P. A.","Digital Representation of Patients as Medical Digital Twins: Data-Centric Viewpoint",2025,"https://doi.org/10.2196/53542","Demuth, S., De Sèze, J., Edan, G., Ziemssen, T., Simon, F., & Gourraud, P.-A. (2025). *Digital Representation of Patients as Medical Digital Twins: Data-Centric Viewpoint*. JMIR Medical Informatics."
"ee645ad5-1d71-472b-89bf-c7be1ef2b867","263_Devane-2025-Beyond the binary_ integrating _re.pdf",,"Devane, D.;Emir, B.;Watt, S.;O'Donnell, M.","Beyond the binary: integrating ""real-world evidence"" with randomized trials in contemporary health care",2025,"https://doi.org/10.1016/j.jclinepi.2025.111821","Devane, D., Emir, B., Watt, S., & O'Donnell, M. (2025). *Beyond the binary: integrating ''real-world evidence'' with randomized trials in contemporary health care*. Journal of Clinical Epidemiology."
"917d437a-a7ad-4881-8794-ab16b2cc9fc3","264_Dreyer 2016.pdf",,"Dreyer, N. A.;Bryant, A.;Velentgas, P.","The GRACE Checklist: A Validated Assessment Tool for High Quality Observational Studies of Comparative Effectiveness",2016,"https://doi.org/10.18553/jmcp.2016.22.10.1107","Dreyer, N. A., Bryant, A., & Velentgas, P. (2016). *The GRACE Checklist: A Validated Assessment Tool for High Quality Observational Studies of Comparative Effectiveness*. J Manag Care Spec Pharm."
"acaaa1b8-84cb-479a-a106-a1e926d48801","265_Dreyer-2018-Advancing a Framework for Regulato.pdf",,"Dreyer, N. A.","Advancing a Framework for Regulatory Use of Real-World Evidence: When Real Is Reliable",2018,"https://doi.org/10.1177/2168479018763591","Dreyer, N. A. (2018). *Advancing a Framework for Regulatory Use of Real-World Evidence: When Real Is Reliable*. Therapeutic Innovation & Regulatory Science."
"eb1ee66c-9a37-4eb1-a526-9424b331f0a5","266_Dreyer-2023-Tactical Considerations for Design.pdf",,"Dreyer, N. A.;Mack, C. D.","Tactical Considerations for Designing Real-World Studies: Fit-for-Purpose Designs That Bridge Research and Practice",2023,"https://doi.org/10.2147/por.S396024","Dreyer, N. A., & Mack, C. D. (2023). *Tactical Considerations for Designing Real-World Studies: Fit-for-Purpose Designs That Bridge Research and Practice*. Pragmatic and Observational Research."
"c366c8ef-b676-43d5-ab88-e324e58047f2","267_Dunger-Baldauf-2023-Generating the Right Evide.pdf",,"Dunger-Baldauf, C.;Hemmings, R.;Bretz, F.;Jones, B.;Schiel, A.;Holmes, C.","Generating the Right Evidence at the Right Time: Principles of a New Class of Flexible Augmented Clinical Trial Designs",2023,"https://doi.org/10.1002/cpt.2869","Dunger-Baldauf, C., Hemmings, R., Bretz, F., Jones, B., Schiel, A., & Holmes, C. (*Generating the Right Evidence at the Right Time: Principles of a New Class of Flexible Augmented Clinical Trial Designs*)."
"bba968ce-3b46-47d3-87a4-2613f25060da","268_Díaz-2023-Sensitivity analysis for causality i.pdf",,"Díaz, I.;Lee, H.;Kıcıman, E.;Schenck, E. J.;Akacha, M.;Follman, D.;Ghosh, D.","Sensitivity analysis for causality in observational studies for regulatory science",2023,"https://doi.org/10.1017/cts.2023.688","Díaz, I., Lee, H., Kıcıman, E., Schenck, E. J., Akacha, M., Follman, D., & Ghosh, D. (2023). *Sensitivity analysis for causality in observational studies for regulatory science*. Journal of Clinical and Translational Science."
"a8ae948a-b4a7-4124-aa19-379104a9db70","269_Es-Skali 2018.pdf",,"Es-Skali, I. J.;Spoors, J.","Analysis of indirect treatment comparisons in national health technology assessments and requirements for industry submissions",2018,"https://doi.org/10.2217/cer-2017-0092","Es-Skali, I. J., & Spoors, J. (2018). *Analysis of indirect treatment comparisons in national health technology assessments and requirements for industry submissions*."
"4d9a28d3-07ed-4f2f-8c7a-68a7ccabc8b0","26_guideline-registry-based-studies_en.pdf","Europe","EMA’s CHMP","Guideline on registry-based studies 2022",2022,"https://www.ema.europa.eu/en/documents/scientific-guideline/guideline-registry-based-studies_en.pdf","EMA. (2021). *Guideline on registry-based studies*. European Medicines Agency."
"5cf22dff-262c-410d-b955-b544c711f635","270_Facile 2022.pdf",,"Facile, R.;Muhlbradt, E. E.;Gong, M.;Li, Q.;Popat, V.;Pétavy, F.;Cornet, R.;Ruan, Y.;Koide, D.;Saito, T. I.;Hume, S.;Rockhold, F.;Bao, W.;Dubman, S.;Jauregui Wurst, B.","Use of Clinical Data Interchange Standards Consortium (CDISC) Standards for Real-world Data: Expert Perspectives From a Qualitative Delphi Survey",2022,"https://doi.org/10.2196/30363","Facile, R., Muhlbradt, E. E., Gong, M., Li, Q., Popat, V., Pétavy, F., Cornet, R., Ruan, Y., Koide, D., Saito, T. I., Hume, S., Rockhold, F., Bao, W., Dubman, S., & Wurst, B. J. (2022). *Use of Clinical Data Interchange Standards Consortium (CDISC) Standards for Real-world Data: Expert Perspectives From a Qualitative Delphi Survey*. JMIR Medical Informatics."
"a569aeb4-b02d-4205-83dc-f1062f30c46d","271_Fusaroli-2024-The Reporting of a Disproportion.pdf",,"Fusaroli, M.;Salvo, F.;Begaud, B.;AlShammari, T. M.;Bate, A.;Battini, V.;Brueckner, A.;Candore, G.;Carnovale, C.;Crisafulli, S.;Cutroneo, P. M.;Dolladille, C.;Drici, M. D.;Faillie, J. L.;Goldman, A.;Hauben, M.;Herdeiro, M. T.;Mahaux, O.;Manlik, K.;Montastruc, F.;Noguchi, Y.;Norén, G. N.;Noseda, R.;Onakpoya, I. J.;Pariente, A.;Poluzzi, E.;Salem, M.;Sartori, D.;Trinh, N. T. H.;Tuccori, M.;van Hunsel, F.;van Puijenbroek, E.;Raschi, E.;Khouri, C.","The Reporting of a Disproportionality Analysis for Drug Safety Signal Detection Using Individual Case Safety Reports in PharmacoVigilance (READUS-PV): Development and Statement",2024,"https://doi.org/10.1007/s40264-024-01421-9","Fusaroli et al. (2024). *The Reporting of a Disproportionality Analysis for Drug Safety Signal Detection Using Individual Case Safety Reports in PharmacoVigilance (READUS-PV): Development and Statement*."
"00c5aba0-81b2-4121-bf8c-644864a92fdc","272_Gatto-2019-A Structured Preapproval and Postap.pdf",,"Gatto, N. M.;Reynolds, R. F.;Campbell, U. B.","A Structured Preapproval and Postapproval Comparative Study Design Framework to Generate Valid and Transparent Real-World Evidence for Regulatory Decisions",2019,"https://doi.org/10.1002/cpt.1480","Gatto et al. (*A Structured Preapproval and Postapproval Comparative Study Design Framework to Generate Valid and Transparent Real-World Evidence for Regulatory Decisions*)."
"6bc571be-8633-4549-aa6c-3933747dd5dc","273_Gatto-2022-The Structured Process to Identify.pdf",,"Gatto, N. M.;Campbell, U. B.;Rubinstein, E.;Jaksa, A.;Mattox, P.;Mo, J.;Reynolds, R. F.","The Structured Process to Identify Fit-For-Purpose Data: A Data Feasibility Assessment Framework",2022,"https://doi.org/10.1002/cpt.2466","Gatto et al. (2021). *The Structured Process to Identify Fit-For-Purpose Data: A Data Feasibility Assessment Framework*."
"42e797e6-876a-4a12-a911-4475a8f2ebc9","274_Gatto-2023-A Structured Process to Identify Fi.pdf",,"Gatto, N. M.;Vititoe, S. E.;Rubinstein, E.;Reynolds, R. F.;Campbell, U. B.","A Structured Process to Identify Fit-for-Purpose Study Design and Data to Generate Valid and Transparent Real-World Evidence for Regulatory Uses",2023,"https://doi.org/10.1002/cpt.2883","Gatto et al. (2023). *A Structured Process to Identify Fit-for-Purpose Study Design and Data to Generate Valid and Transparent Real-World Evidence for Regulatory Uses*. Clinical Pharmacology & Therapeutics."
"17d68a72-08a7-441e-93e0-b955bb2f5ddc","275_Goedecke 2016.pdf",,"Goedecke, T.;Ord, K.;Newbould, V.;Brosch, S.;Arlett, P.","Medication Errors: New EU Good Practice Guide on Risk Minimisation and Error Prevention",2016,"https://doi.org/10.1007/s40264-016-0410-4","Goedecke et al. (2016). *Medication Errors: New EU Good Practice Guide on Risk Minimisation and Error Prevention*."
"eaf74675-c3aa-4b1d-b5f2-1f06981d40e7","276_Gomes 2022.pdf",,"Gomes, M.;Latimer, N.;Soares, M.;Dias, S.;Baio, G.;Freemantle, N.;Dawoud, D.;Wailoo, A.;Grieve, R.","Target Trial Emulation for Transparent and Robust Estimation of Treatment Effects for Health Technology Assessment Using Real-World Data: Opportunities and Challenges",2022,"https://doi.org/10.1007/s40273-022-01141-x","Gomes et al. (2022). *Target Trial Emulation for Transparent and Robust Estimation of Treatment Effects for Health Technology Assessment Using Real-World Data: Opportunities and Challenges*. Springer Nature Switzerland AG."
"2d431de1-5b1d-4ad5-8d0c-51d9fbac35e3","278_Gray-2020-A Framework for Methodological Choic.pdf",,"Gray, C. M.;Grimson, F.;Layton, D.;Pocock, S.;Kim, J.","A Framework for Methodological Choice and Evidence Assessment for Studies Using External Comparators from Real-World Data",2020,"https://doi.org/10.1007/s40264-020-00944-1","Gray, C. M., Grimson, F., Layton, D., Pocock, S., & Kim, J. (2020). *A Framework for Methodological Choice and Evidence Assessment for Studies Using External Comparators from Real-World Data*."
"1fa4ed29-8f34-4425-9ff7-1a0983303f4b","279_Gray-2024-Use of quantitative bias analysis to.pdf",,"Gray, C.;Ralphs, E.;Fox, M. P.;Lash, T. L.;Liu, G.;Kou, T. D.;Rivera, D. R.;Bosco, J.;Braun, K. V. N.;Grimson, F.;Layton, D.","Use of quantitative bias analysis to evaluate single-arm trials with real-world data external controls",2024,"https://doi.org/10.1002/pds.5796","Ralphs, E. (2024). *Use of quantitative bias analysis to evaluate single-arm trials with real-world data external controls*. Pharmacoepidemiology and Drug Safety."
"7bb43650-27dd-468e-9ac3-1ea704b7a6d8","27_european-medicines-agency-post-authorisation-procedural-advice-users-centralised-procedure_en.pdf","Europe","EMA’s CHMP","European Medicines Agency post-authorisation procedural advice for users of the centralised procedure   2025",2025,"https://www.ema.europa.eu/en/documents/regulatory-procedural-guideline/european-medicines-agency-post-authorisation-procedural-advice-users-centralised-procedure_en.pdf","EMA. (2025). *European Medicines Agency post-authorisation procedural advice for users of the centralised procedure*. European Medicines Agency."
"34052148-070e-4a4c-9c57-09436a332b86","280_Heeg-2025-Defining Biological and Clinical Pla.pdf",,"Heeg, B.;Lee, D.;Adam, J.;Postma, M.;Ouwens, M.","Defining Biological and Clinical Plausibility: The DICSA Framework for Protocolized Assessment in Survival Extrapolations Across Therapeutic Areas",2025,"https://doi.org/10.1007/s40273-025-01485-0","Heeg et al. (2025). *Defining Biological and Clinical Plausibility: The DICSA Framework for Protocolized Assessment in Survival Extrapolations Across Therapeutic Areas*."
"15f194f0-2552-48fd-b354-67797b9e2fc8","281_Hernandez-2025-Advancing Principled Pharmacoep.pdf",,"Hernandez, R. K.;Critchlow, C. W.;Dreyer, N.;Lash, T. L.;Reynolds, R. F.;Sørensen, H. T.;Lange, J. L.;Gatto, N. M.;Sobel, R. E.;Lai, E. C.;Schoonen, M.;Brown, J. S.;Christian, J. B.;Brookhart, M. A.;Bradbury, B. D.","Advancing Principled Pharmacoepidemiologic Research to Support Regulatory and Healthcare Decision Making: The Era of Real-World Evidence",2025,"https://doi.org/10.1002/cpt.3563","Hernandez et al. (n.d.). *Advancing Principled Pharmacoepidemiologic Research to Support Regulatory and Healthcare Decision Making: The Era of Real-World Evidence*."
"86a3f24f-5c08-4630-b68e-d1753e2001b5","282_Horgan-2020-Propelling Healthcare with Advance.pdf",,"Horgan, D.;Metspalu, A.;Ouillade, M. C.;Athanasiou, D.;Pasi, J.;Adjali, O.;Harrison, P.;Hermans, C.;Codacci-Pisanelli, G.;Koeva, J.;Szucs, T.;Cursaru, V.;Belina, I.;Bernini, C.;Zhuang, S.;McMahon, S.;Toncheva, D.;Thum, T.","Propelling Healthcare with Advanced Therapy Medicinal Products: A Policy Discussion",2020,"https://doi.org/10.1159/000511678","Horgan et al. (2020). *Propelling Healthcare with Advanced Therapy Medicinal Products: A Policy Discussion*. Biomed Hub."
"d4941cfe-22cd-437f-93f8-89a83dec832d","283_Jacquemard-2021-The anatomy of electronic pati.pdf",,"Jacquemard, T.;Doherty, C. P.;Fitzsimons, M. B.","The anatomy of electronic patient record ethics: a framework to guide design, development, implementation, and use",2021,"https://doi.org/10.1186/s12910-021-00574-x","Jacquemard et al. (2021). *The anatomy of electronic patient record ethics: a framework to guide design, development, implementation, and use*."
"df0b6242-2968-488d-932d-04cbfdd7f196","284_Jaksa-2022-A Comparison of Seven Oncology Exte.pdf",,"Jaksa, A.;Louder, A.;Maksymiuk, C.;Vondeling, G. T.;Martin, L.;Gatto, N.;Richards, E.;Yver, A.;Rosenlund, M.","A Comparison of Seven Oncology External Control Arm Case Studies: Critiques From Regulatory and Health Technology Assessment Agencies",2022,"https://doi.org/10.1016/j.jval.2022.05.016","Jaksa et al. (2022). *A Comparison of 7 Oncology External Control Arm Case Studies: Critiques From Regulatory and Health Technology Assessment Agencies*. Value in Health."
"32387219-7779-4735-b677-d7e985747cbf","285_Kovács-2022-Implementation of coverage with ev.pdf",,"Kovács, S.;Kaló, Z.;Daubner-Bendes, R.;Kolasa, K.;Hren, R.;Tesar, T.;Reckers-Droog, V.;Brouwer, W.;Federici, C.;Drummond, M.;Zemplényi, A. T.","Implementation of coverage with evidence development schemes for medical devices: A decision tool for late technology adopter countries",2022,"https://doi.org/10.1002/hec.4504","Kovács et al. (2022). *Implementation of coverage with evidence development schemes for medical devices: A decision tool for late technology adopter countries*. Health Economics."
"67ed85c8-e94f-44d6-bddd-a5b8ad2ce647","286_Kukhareva 2022.pdf",,"Kukhareva, P. V.;Weir, C.;Del Fiol, G.;Aarons, G. A.;Taft, T. Y.;Schlechter, C. R.;Reese, T. J.;Curran, R. L.;Nanjo, C.;Borbolla, D.;Staes, C. J.;Morgan, K. L.;Kramer, H. S.;Stipelman, C. H.;Shakib, J. H.;Flynn, M. C.;Kawamoto, K.","Evaluation in Life Cycle of Information Technology (ELICIT) framework: Supporting the innovation life cycle from business case assessment to summative evaluation",2022,"https://doi.org/10.1016/j.jbi.2022.104014","Kukhareva et al. (2022). *Evaluation in Life Cycle of Information Technology (ELICIT) framework: Supporting the innovation life cycle from business case assessment to summative evaluation*. Journal of Biomedical Informatics."
"b6194624-da75-4c09-a03a-8d8ecb461233","287_Kummar 2018.pdf",,"Kumar, A.;Ahuja, J.;Shrivastava, T. P.;Kumar, V.;Kalaiselvan, V.","Statistical Signal Process in R Language in the Pharmacovigilance Programme of India",2018,"https://doi.org/10.1177/2168479017728988","Kumar, A., Ahuja, J., Shrivastava, T. P., Kumar, V., & Kalaiselvan, V. (2018). *Statistical Signal Process in R Language in the Pharmacovigilance Programme of India*. Therapeutic Innovation & Regulatory Science."
"60c82198-ca4f-4e1c-bca8-f562779f7554","288_Lambert-Obry 2021.pdf",,"Lambert-Obry, V.;Lafrance, J. P.;Savoie, M.;Lachaine, J.","Real-world evidence: a practical toolbox for collecting health state utilities",2021,"https://doi.org/10.2217/cer-2021-0121","Lambert-Obry, V., Lafrance, J.-P., Savoie, M., & Lachaine, J. (2021). *Real-world evidence: a practical toolbox for collecting health state utilities*."
"bee59825-56c2-4fe0-94cb-b2fdb570ea30","289_Langley-2020-Value Assessment, Real World Evid.pdf",,"Langley, P. C.","Value Assessment, Real World Evidence and Fundamental Measurement: Version 3.0 of the Minnesota Formulary Submission Guidelines",2020,"https://doi.org/10.24926/iip.v11i4.3542","Langley. *Value Assessment, Real World Evidence and Fundamental Measurement: the Minnesota Formulary Submission Guidelines*."
"6e4cf1c7-222c-4229-a08a-77d7006fb6ca","28_01.ENCePPMethodsGuideRev.11.pdf","Europe","EMA’s ENCePP","Guide on Methodological Standards in Pharmacoepidemiology",2010,"https://encepp.europa.eu/document/download/f6e403a6-8033-4c22-a5ff-195ba3666299_en?filename=01.ENCePPMethodsGuideRev.11.pdf&prefLang=es","ENCePP. (2010). *Guide on Methodological Standards in Pharmacoepidemiology*. European Medicines Agency."
"63d7120c-6721-4b2a-8373-f32c91307f92","290_Largeron-2024-Guiding Principles for Evaluatin.pdf",,"Largeron, N.;D'Agostino, P.;Chapman, R.;Danko, D.;Eskola, J.;Godfroid, P.;Feldmajer, G.;Hanley, R.;de Pouvourville, G.;Postma, M.;Puig-Barberà, J.;Schaible, K.;Sabale, U.;Schmitt, J.;de Waure, C.;Vicere, A.;Beck, E.","Guiding Principles for Evaluating Vaccines in Joint Health Technology Assessment in the European Union: Preparing for the European Union's Regulation on Health Technology Assessment for Vaccines",2024,"https://doi.org/10.1016/j.jval.2024.06.011","Largeron, N. et al. (2024). *Guiding Principles for Evaluating Vaccines in Joint Health Technology Assessment in the European Union: Preparing for the European Union's Regulation on Health Technology Assessment for Vaccines*. Value in Health."
"a88079ed-755f-465c-afa1-e7e006d613d8","291_Lentz 2020.pdf",,"Lentz, T. A.;Curtis, L. H.;Rockhold, F. W.;Martin, D.;Andersson, T. L. G.;Arias, C.;Berlin, J. A.;Binns, C.;Cook, A.;Cziraky, M.;Dent, R.;Desai, M.;Emmett, A.;Esserman, D.;George, J.;Hantel, S.;Heagerty, P.;Hernandez, A. F.;Hucko, T.;Khan, N.;Lee, S. F.;LoCasale, R.;Mardekian, J.;McCall, D.;Monda, K.;Normand, S. L.;Riesmeyer, J.;Roe, M.;Roessig, L.;Scott, R.;Siedentop, H.;Waldstreicher, J.;Wang, L.;Weerakkody, G.;Wolf, M.;Ellenberg, S. S.","Designing, Conducting, Monitoring, and Analyzing Data from Pragmatic Randomized Clinical Trials: Proceedings from a Multi-stakeholder Think Tank Meeting",2020,"https://doi.org/10.1007/s43441-020-00175-7","Lentz, T. A. et al. (2020). *Designing, Conducting, Monitoring, and Analyzing Data from Pragmatic Randomized Clinical Trials: Proceedings from a Multi-stakeholder Think Tank Meeting*. The Drug Information Association, Inc."
"53c46a9e-bf8f-479b-ae89-f87fd1cb70ba","292_Li 2023 (b).pdf",,"Li, J.;Du, Y.;Liu, H.;Yi, Y.","An Improved Matching Practice for Augmenting a Randomized Clinical Trial with External Control",2023,"https://doi.org/10.1007/s43441-023-00497-2","Li, J., Du, Y., Liu, H., & Yi, Y. (2023). *An Improved Matching Practice for Augmenting a Randomized Clinical Trial with External Control*."
"9a677bee-3cb7-479c-a602-75a622986751","293_Li-2023-Use of real-world evidence to support.pdf",,"Li, J.;Liu, L.;Cao, H.;Yang, M.;Sun, X.","Use of real-world evidence to support regulatory decisions on medical devices in China and a unique opportunity to gain accelerated approval in ""Boao Lecheng Pilot Zone""",2023,"https://doi.org/10.1186/s12962-022-00412-w","Li, J., Liu, L., Cao, H., Yang, M., & Sun, X. (2023). *Use of real-world evidence to support regulatory decisions on medical devices in China and a unique opportunity to gain accelerated approval in 'Boao Lecheng Pilot Zone'*."
"c1d739fe-09fb-4939-aaef-cd3bf30338fb","294_Lin 2021.pdf",,"Lin, J.","Incorporating propensity scores for evidence synthesis under bayesian framework: review and recommendations for clinical studies",2021,"https://doi.org/10.1080/10543406.2021.1882481","Journal of Biopharmaceutical Statistics. (2021). *Incorporating propensity scores for evidence synthesis under bayesian framework: review and recommendations for clinical studies*."
"51c5cbee-ccde-4ca2-a458-15b1f2a87f87","295_Lin 2023 (b).pdf",,"Lin, J.;Yu, G.;Gamalo, M.","Matching within a hybrid RCT/RWD: framework on associated causal estimands",2023,"https://doi.org/10.1080/10543406.2022.2105346","Lin, J., Yu, G., & Gamalo, M. (2022). *Matching within a hybrid RCT/RWD: framework on associated causal estimands*."
"09d28eb3-2163-4e05-9fdf-fc25d5308ba2","296_Ly 2018.pdf",,"Ly, J. J.;Crescioni, M.;Eremenco, S.;Bodart, S.;Donoso, M.;Butler, A. J.;Dallabrida, S. M.","Training on the Use of Technology to Collect Patient-Reported Outcome Data Electronically in Clinical Trials: Best Practice Recommendations from the ePRO Consortium",2018,"https://doi.org/10.1177/2168479018796206","Ly, J. J. et al. (2018). *Training on the Use of Technology to Collect Patient-Reported Outcome Data Electronically in Clinical Trials: Best Practice Recommendations from the ePRO Consortium*. Therapeutic Innovation & Regulatory Science."
"164d6061-9b23-4539-bb1a-07b5c19fb436","297_Manetti-2025-A systematic literature review of.pdf",,"Manetti, S.;Guidotti, E.;Vola, F.;Vainieri, M.","A systematic literature review of real-world evidence (RWE) on post-market assessment of medical devices",2024,"https://doi.org/10.1017/s1744133124000148","Manetti et al. (2025). *A systematic literature review of real-world evidence (RWE) on post-market assessment of medical devices*. Cambridge University Press."
"f80a5c9e-7cce-4907-b4a3-21f55a0e80f9","298_Mentz-2016-Good Clinical Practice Guidance and.pdf",,"Mentz, R. J.;Hernandez, A. F.;Berdan, L. G.;Rorick, T.;O'Brien, E. C.;Ibarra, J. C.;Curtis, L. H.;Peterson, E. D.","Good Clinical Practice Guidance and Pragmatic Clinical Trials: Balancing the Best of Both Worlds",2016,"https://doi.org/10.1161/circulationaha.115.019902","Mentz, R. J., Hernandez, A. F., Berdan, L. G., Rorick, T., O'Brien, E. C., Ibarra, J. C., Curtis, L. H., & Peterson, E. D. (2016). *Good Clinical Practice Guidance and Pragmatic Clinical Trials Balancing the Best of Both Worlds*. Circulation."
"0dba4c7a-c826-469d-8b8d-2115f5567ebc","299_Mordenti-2022-Remodeling an existing rare dise.pdf",,"Mordenti, M.;Boarini, M.;D'Alessandro, F.;Pedrini, E.;Locatelli, M.;Sangiorgi, L.","Remodeling an existing rare disease registry to be used in regulatory context: Lessons learned and recommendations",2022,"https://doi.org/10.3389/fphar.2022.966081","Mordenti et al. (2022). *Remodeling an existing rare disease registry to be used in regulatory context: Lessons learned and recommendations*. Frontiers in Pharmacology."
"b9845751-f02e-4efa-ba48-0cbf1f169c63","29_ENCePP Checklist for Study Protocols_YW.pdf","Europe","EMA’s ENCePP","Checklist for Study Protocols",2018,"https://catalogues.ema.europa.eu/sites/default/files/document_files/ENCePP%20Checklist%20for%20Study%20Protocols_YW.pdf","ENCePP. (2020). *ENCePP Checklist for Study Protocols*. European Network of Centres for Pharmacoepidemiology and Pharmacovigilance."
"5d497357-4c4c-4c74-980f-c62e9370ef73","2_54336794fnl_RWD Assessing EHRs_Jan 2025 update.pdf","USA","FDA","Real-World Data: Assessing Electronic Health Records and Medical Claims Data To Support Regulatory Decision-Making for Drug and Biological Products (Industry)",2024,"https://www.fda.gov/media/152503/download","FDA. (2024). *Real-World Data: Assessing Electronic Health Records and Medical Claims Data to Support Regulatory Decision-Making for Drug and Biological Products Guidance for Industry*. U.S. Food and Drug Administration."
"871bfa93-a10e-4c24-921e-d7f15c46f676","300_Murphy-2025-Real-world evidence to support hea.pdf",,"Murphy, L. A.;Akehurst, R.;Cunningham, D.;de Pouvourville, G.;Solà-Morales, O.","Real-world evidence to support health technology assessment and payer decision making: is it now or never?",2025,"https://doi.org/10.1017/s0266462325000145","Murphy, L. A., Akehurst, R., Cunningham, D., de Pouvourville, G., & Solà-Morales, O. (2025). *Real-world evidence to support health technology assessment and payer decision making: is it now or never?*. International Journal of Technology Assessment in Health Care."
"c8367cc6-6331-4e83-aeee-b467e57bc1bc","301_Naik 2015.pdf",,"Naik, P.;Umrath, T.;van Stekelenborg, J.;Ruben, R.;Abdul-Karim, N.;Boland, R.;Ibara, M.;Ekuta, J.;Washburn, D.;Stergiopoulos, S.","Regulatory Definitions and Good Pharmacovigilance Practices in Social Media: Challenges and Recommendations",2015,"https://doi.org/10.1177/2168479015587362","Naik et al. (2015). *Regulatory Definitions and Good Pharmacovigilance Practices in Social Media: Challenges and Recommendations*. Therapeutic Innovation & Regulatory Science."
"1669b6ef-67fd-443a-9b43-c8bb0e906b3e","302_Oortwijn 2019.pdf",,"Oortwijn, W.;Sampietro-Colom, L.;Trowman, R.","How to Deal with the Inevitable: Generating Real-World Data and Using Real-World Evidence for HTA Purposes - From Theory to Action",2019,"https://doi.org/10.1017/s0266462319000400","Oortwijn, W., Sampietro-Colom, L., & Trowman, R. (2019). *How to Deal with the Inevitable: Generating Real-World Data and Using Real-World Evidence for HTA Purposes -From Theory to Action*. International Journal of Technology Assessment in Health Care."
"3b50670a-4872-4626-acf7-c8915fa0ecf8","303_Orsini-2020-Improving Transparency to Build Tr.pdf",,"Orsini, L. S.;Berger, M.;Crown, W.;Daniel, G.;Eichler, H. G.;Goettsch, W.;Graff, J.;Guerino, J.;Jonsson, P.;Lederer, N. M.;Monz, B.;Mullins, C. D.;Schneeweiss, S.;Brunt, D. V.;Wang, S. V.;Willke, R. J.","Improving Transparency to Build Trust in Real-World Secondary Data Studies for Hypothesis Testing—Why, What, and How: Recommendations and a Road Map from the Real-World Evidence Transparency Initiative",2020,"https://doi.org/10.1016/j.jval.2020.04.002","Orsini, L. S. et al. (2020). *Improving Transparency to Build Trust in Real-World Secondary Data Studies for Hypothesis Testing -Why, What, and How: Recommendations and a Road Map from the Real-World Evidence Transparency Initiative*. Value in Health."
"4d567286-3160-4c5c-9e25-1eaaf5d40564","304_Otte-2024-Value based healthcare and Health Te.pdf",,"Otte, M.;Dauben, H. P.;Ahn, J.;Gutierrez Ibarluzea, I.;Drummond, M.;Simoens, S.;Kaló, Z.;Suh, D. C.","Value based healthcare and Health Technology Assessment for emerging market countries: joint efforts to overcome barriers",2024,"https://doi.org/10.1080/14737167.2024.2398482","Otte, M. et al. (2024). *Value based healthcare and Health Technology Assessment for emerging market countries: joint efforts to overcome barriers*. Expert Review of Pharmacoeconomics & Outcomes Research."
"66242f45-8340-41cf-af0a-37db96631d59","305_Pariente 2023.pdf",,"Pariente, A.;Micallef, J.;Lahouegue, A.;Molimard, M.;Auffret, M.;Chouchana, L.;Denis, B.;Faillie, J. L.;Grandvuillemin, A.;Letinier, L.;Pierron, E.;Pons, C.;Pujade, I.;Rubino, H.;Salvo, F.","What place for intelligent automation and artificial intelligence to preserve and strengthen vigilance expertise in the face of increasing declarations?",2023,"https://doi.org/10.1016/j.therap.2022.11.004","Pariente et al. (2022). *What place for intelligent automation and artificial intelligence to preserve and strengthen vigilance expertise in the face of increasing declarations?*. Elsevier Masson SAS on behalf of Société française de pharmacologie et de thérapeutique."
"ec65dd11-7289-4981-9013-d4d0b966a5bb","306_Patorno 2020.pdf",,"Patorno, E.;Schneeweiss, S.;Wang, S. V.","Transparency in real-world evidence (RWE) studies to build confidence for decision-making: Reporting RWE research in diabetes",2020,"https://doi.org/10.1111/dom.13918","Patorno, E., Schneeweiss, S., & Wang, S. V. (2020). *Transparency in real-world evidence (RWE) studies to build confidence for decision making: Reporting RWE research in diabetes*. Diabetes Obes Metab."
"594e2c83-d514-4e30-b8ce-181a2abe6c40","307_Pearson 2018.pdf",,"Pearson, S. D.;Dreitlein, W. B.;Towse, A.;Hampson, G.;Henshall, C.","A framework to guide the optimal development and use of real-world evidence for drug coverage and formulary decisions",2018,"https://doi.org/10.2217/cer-2018-0059","Pearson, S. D., Dreitlein, W. B., Towse, A., Hampson, G., & Henshall, C. (2018). *A framework to guide the optimal development and use of real-world evidence for drug coverage and formulary decisions*. The Journal of Comparative Effectiveness Research."
"ef5f7981-5a1e-49a6-9926-66eb4707cf98","308_Polak-2022-Generating Evidence from Expanded A.pdf",,"Polak, T. B.;Cucchi, D. G. J.;van Rosmalen, J.;Uyl-de Groot, C. A.;Darrow, J. J.","Generating Evidence from Expanded Access Use of Rare Disease Medicines: Challenges and Recommendations",2022,"https://doi.org/10.3389/fphar.2022.913567","Polak et al. (2022). *Generating Evidence from Expanded Access Use of Rare Disease Medicines: Challenges and Recommendations*. Frontiers in Pharmacology."
"c7ce04c9-d31d-4930-baa4-d91884844805","309_Pouvourville 2023.pdf",,"de Pouvourville, G.;Armoiry, X.;Lavorel, A.;Bilbault, P.;Maugendre, P.;Bensimon, L.;Beziz, D.;Blin, P.;Borget, I.;Bouée, S.;Collignon, C.;Dervaux, B.;Durand-Zaleski, I.;Julien, M.;de Léotoing, L.;Majed, L.;Martelli, N.;Séjourné, T.;Viprey, M.","Real-world data and evidence in health technology assessment: When are they complementary, substitutes, or the only sources of data compared to clinical trials?",2023,"https://doi.org/10.1016/j.therap.2022.11.001","de Pouvourville, G., Armoiry, X., Lavorel, A., Bilbault, P., Maugendre, P., Bensimon, L., Beziz, D., Blin, P., Borget, I., Bouée, S., Collignon, C., Dervaux, B., Durand-Zaleski, I., Julien, M., de Léotoing, L., Majed, L., Martelli, N., Séjourné, T., & Viprey, M. (2022). *Real-world data and evidence in health technology assessment: When are they complementary, substitutes, or the only sources of data compared to clinical trials?*. Elsevier Masson SAS."
"06757476-142d-4d7e-b5e5-c1e180160709","30_Duke-Margolis RWE Group_Data Curation Best Practices and Innovations.pdf",,,,,,"D'Ambrosio et al. (2025). *Data Curation Best Practices and Innovations for Real-World Evidence Generated Using Electronic Health Record-Sourced Data*. Duke-Margolis Institute for Health Policy."
"040e0aec-13d8-46b0-a9ef-f474bea8e10d","30_ich-reflection-paper-pursuing-opportunities-harmonisation-using-real-world-data-generate-realworld-evidence-focus-effectiveness-medicines_en.pdf","Europe","EMA-ICH*","Pursuing opportunities for harmonisation in using real-world data to generate real-world evidence with a focus on the effectiveness of medicines",2024,"https://www.ema.europa.eu/en/documents/scientific-guideline/ich-reflection-paper-pursuing-opportunities-harmonisation-using-real-world-data-generate-realworld-evidence-focus-effectiveness-medicines_en.pdf","ICH. (2024). *ICH reflection paper on pursuing opportunities for harmonisation in using real-world data to generate real-world evidence, with a focus on effectiveness of medicines*. International Council for Harmonisation."
"0d538f50-317a-4c37-b4fc-5eb44dd59ceb","310_Pratt 2019.pdf",,"Pratt, N. L.;Mack, C. D.;Meyer, A. M.;Davis, K. J.;Hammill, B. G.;Hampp, C.;Setoguchi, S.;Raman, S. R.;Chun, D. S.;Stürmer, T.;Lund, J. L.","Data linkage in pharmacoepidemiology: A call for rigorous evaluation and reporting",2019,"https://doi.org/10.1002/pds.4924","Lund et al. (2019). *Data linkage in pharmacoepidemiology: A call for rigorous evaluation and reporting*."
"cb0abc39-2f5a-4f2c-a8c8-118bdc667381","311_Ramsey-2020-Using electronic health record dat.pdf",,"Ramsey, S. D.;Adamson, B. J.;Wang, X.;Bargo, D.;Baxi, S. S.;Ghosh, S.;Meropol, N. J.","Using electronic health record data to identify comparator populations for comparative effectiveness research",2020,"https://doi.org/10.1080/13696998.2020.1840113","Ramsey, S. D., Adamson, B. J., Wang, X., Bargo, D., Baxi, S. S., Ghosh, S., & Meropol, N. J. (2020). *Using electronic health record data to identify comparator populations for comparative effectiveness research*. Journal of Medical Economics."
"759c6077-1a82-41d4-80ea-6d6bafe0e94b","312_Rosen-2023-Can Weight of Evidence, Quantitativ.pdf",,"Rosen, E. M.;Ritchey, M. E.;Girman, C. J.","Can Weight of Evidence, Quantitative Bias, and Bounding Methods Evaluate Robustness of Real-world Evidence for Regulator and Health Technology Assessment Decisions on Medical Interventions?",2023,"https://doi.org/10.1016/j.clinthera.2023.09.010","Rosen, E. M., Ritchey, M. E., & Girman, C. J. (2022). *Can Weight of Evidence, Quantitative Bias, and Bounding Methods Evaluate Robustness of Real-world Evidence for Regulator and Health Technology Assessment Decisions on Medical Interventions?*. Clinical Therapeutics."
"d7eac487-5435-4e0a-9ce5-7bec08268b2e","313_Ross 2021.pdf",,"Ross, R. D.;Shi, X.;Caram, M. E. V.;Tsao, P. A.;Lin, P.;Bohnert, A.;Zhang, M.;Mukherjee, B.","Veridical Causal Inference using Propensity Score Methods for Comparative Effectiveness Research with Medical Claims",2021,"https://doi.org/10.1007/s10742-020-00222-8","Ross et al. (2021). *Veridical Causal Inference using Propensity Score Methods for Comparative Effectiveness Research with Medical Claims*. Health Serv Outcomes Res Methodol."
"3faa2c6a-f3ca-4abb-ad21-da093dbe7ebf","314_Schad 2022.pdf",,"Schad, F.;Thronicke, A.","Real-World Evidence-Current Developments and Perspectives",2022,"https://doi.org/10.3390/ijerph191610159","Schad, F., & Thronicke, A. (2022). *Real-World Evidence-Current Developments and Perspectives*. Int. J. Environ. Res. Public Health."
"97eab0ad-1b37-40c2-8985-760b29d34e83","315_Schwartz 2017.pdf",,"Schwartz, J. L.","Real-World Evidence, Public Participation, and the FDA",2017,"https://doi.org/10.1002/hast.779","Schwartz, J. L. (2018). *Real-World Evidence, Public Participation, and the FDA*."
"2f21dd0e-8203-45c3-a9a5-43d421f93417","316_Sedrakyan-2022-Advancing the Real-World Eviden.pdf",,"Sedrakyan, A.;Marinac-Dabic, D.;Campbell, B.;Aryal, S.;Baird, C. E.;Goodney, P.;Cronenwett, J. L.;Beck, A. W.;Paxton, E. W.;Hu, J.;Brindis, R.;Baskin, K.;Cowley, T.;Levy, J.;Liebeskind, D. S.;Poulose, B. K.;Rardin, C. R.;Resnic, F. S.;Tcheng, J.;Fisher, B.;Viviano, C.;Devlin, V.;Sheldon, M.;Eldrup-Jorgensen, J.;Berlin, J. A.;Drozda, J.;Matheny, M. E.;Dhruva, S. S.;Feeney, T.;Mitchell, K.;Pappas, G.","Advancing the Real-World Evidence for Medical Devices through Coordinated Registry Networks",2022,"https://doi.org/10.1136/bmjsit-2021-000123","Sedrakyan et al. (2022). *Advancing the Real-World Evidence for Medical Devices through Coordinated Registry Networks*. BMJ Surg Interv Health Technologies."
"5e2c6e5b-dce2-4d51-bde4-7bf08dc0e03d","317_Shah-2019-Artificial intelligence and machine.pdf",,"Shah, P.;Kendall, F.;Khozin, S.;Goosen, R.;Hu, J.;Laramie, J.;Ringel, M.;Schork, N.","Artificial intelligence and machine learning in clinical development: a translational perspective",2019,"https://doi.org/10.1038/s41746-019-0148-3","Shah et al. (2019). *Artificial intelligence and machine learning in clinical development: a translational perspective*. npj Digital Medicine."
"4b2e589c-09a7-4922-b4bb-24114c565e6a","318_Sievers-2021-Real-world evidence_ perspectives.pdf",,"Sievers, H.;Joos, A.;Hiligsmann, M.","Real-world evidence: perspectives on challenges, value, and alignment of regulatory and national health technology assessment data collection requirements",2021,"https://doi.org/10.1017/s0266462321000131","Sievers et al. (2021). *Real-world evidence: perspectives on challenges, value, and alignment of regulatory and national health technology assessment data collection requirements*. International Journal of Technology Assessment in Health Care."
"b41eeff3-58b1-4beb-bfa5-45bf1c767021","319_Simpson 2022.pdf",,"Simpson, A.;Ramagopalan, S. V.","R WE ready for reimbursement? A round up of developments in real-world evidence relating to health technology assessment: part 8",2022,"https://doi.org/10.2217/cer-2022-0103","Simpson, A., & Ramagopalan, S. V. (2022). *R WE ready for reimbursement? A round up of developments in real-world evidence relating to health technology assessment: part 10*."
"644c42e5-4904-4b5e-8b07-6469c9b84a4a","31_ICH_M14_Step3_DraftGuideline_2024_0521.pdf","Europe","EMA-ICH*","[ICH M14] General principles on planning and designing pharmacoepidemiological studies that utilize real-world data for safety assessment of a medicine 2024",2024,"https://database.ich.org/sites/default/files/ICH_M14_Step3_DraftGuideline_2024_0521.pdf","ICH. (2024). *General Principles on Plan, Design and Analysis of Pharmacoepidemiological Studies That Utilize Real-World Data for Safety Assessment of Medicines*. International Council for Harmonisation of Technical Requirements for Pharmaceuticals for Human Use."
"a2ffd936-d564-4a36-b0be-5e292e748166","320_Sola-Morales-2023-Effectively Leveraging RWD f.pdf",,"Sola-Morales, O.;Curtis, L. H.;Heidt, J.;Walsh, L.;Casso, D.;Oliveria, S.;Saunders-Hastings, P.;Song, Y.;Mercado, T.;Zusterzeel, R.;Mastey, V.;Harnett, J.;Quek, R. G. W.","Effectively Leveraging RWD for External Controls: A Systematic Literature Review of Regulatory and HTA Decisions",2023,"https://doi.org/10.1002/cpt.2914","Sola-Morales, O., Curtis, L. H., Heidt, J., Walsh, L., Casso, D., Oliveria, S., Saunders-Hastings, P., Song, Y., Mercado, T., Zusterzeel, R., Mastey, V., Harnett, J., & Quek, R. G. W. (2023). *Effectively Leveraging RWD for External Controls: A Systematic Literature Review of Regulatory and HTA Decisions*."
"e63f3593-c3b6-4efe-93f1-a81158014ae4","321_Stamas-2024-Use of Healthcare Claims Data to G.pdf",,"Stamas, N.;Vincent, T.;Evans, K.;Li, Q.;Danielson, V.;Lassagne, R.;Berger, A.","Use of Healthcare Claims Data to Generate Real-World Evidence on Patients With Drug-Resistant Epilepsy: Practical Considerations for Research",2024,"https://doi.org/10.36469/001c.91991","Stamas et al. (2023). *Use of Healthcare Claims Data to Generate Real-World Evidence on Patients with Drug-Resistant Epilepsy: Practical Considerations for Research*. Journal of Health Economics and Outcomes Research."
"2b48b0c3-8f9e-4b17-8c31-456280f79533","322_Sugato De 2021.pdf",,"De, S.;Larson, L.;Kelly, K.;Hanson, B.;Mack, C. D.","Leveraging Real-World Evidence: A Paradigm Shift in Regulation",2021,"https://doi.org/10.1097/bot.0000000000002039","De, S., Larson, L., Kelly, K., Hanson, B., & Mack, C. D. (2021). *Leveraging Real-World Evidence: A Paradigm Shift in Regulation*. J Orthop Trauma."
"0fd57f84-0d64-4daf-89c5-18d8d9081ce3","323_Timbie-2021-Use of Real-World Evidence for Reg.pdf",,"Timbie, J. W.;Kim, A. Y.;Concannon, T. W.","Use of Real-World Evidence for Regulatory Approval and Coverage of Medical Devices: A Landscape Assessment",2021,"https://doi.org/10.1016/j.jval.2021.07.003","Timbie et al. (2021). *Use of Real-World Evidence for Regulatory Approval and Coverage of Medical Devices: A Landscape Assessment*. Value Health."
"d94c54b7-8041-47c5-a40c-24c455323980","324_Turner-2024-Transporting Comparative Effective.pdf",,"Turner, A. J.;Sammon, C.;Latimer, N.;Adamson, B.;Beal, B.;Subbiah, V.;Abrams, K. R.;Ray, J.","Transporting Comparative Effectiveness Evidence Between Countries: Considerations for Health Technology Assessments",2023,"https://doi.org/10.1007/s40273-023-01323-1","Turner, A. J., Sammon, C., Latimer, N., Adamson, B., Beal, B., Subbiah, V., Abrams, K. R., & Ray, J. (2023). *Transporting Comparative Effectiveness Evidence Between Countries: Considerations for Health Technology Assessments*."
"24a9f437-0567-40fa-a2e8-d4ebc93cca7c","325_Varnai-2021-The Evidence REVEAL Study_ Explori.pdf",,"Varnai, P.;Davé, A.;Farla, K.;Nooijen, A.;Petrosova, L.","The Evidence REVEAL Study: Exploring the Use of Real-World Evidence and Complex Clinical Trial Design by the European Pharmaceutical Industry",2021,"https://doi.org/10.1002/cpt.2103","Varnai et al. (2020). *The Evidence REVEAL Study: Exploring the Use of Real-World Evidence and Complex Clinical Trial Design by the European Pharmaceutical Industry*."
"aafc2ec7-d46c-4194-ab88-f9c0dfdad39c","326_Wang 2019.pdf",,"Wang, S. V.;Patterson, O. V.;Gagne, J. J.;Brown, J. S.;Ball, R.;Jonsson, P.;Wright, A.;Zhou, L.;Goettsch, W.;Bate, A.","Transparent Reporting on Research Using Unstructured Electronic Health Record Data to Generate 'Real World' Evidence of Comparative Effectiveness and Safety",2019,"https://doi.org/10.1007/s40264-019-00851-0","Wang et al. (2019). *Transparent Reporting on Research Using Unstructured Electronic Health Record Data to Generate 'Real World' Evidence of Comparative Effectiveness and Safety*."
"a75961aa-18ae-4c3e-8298-c74b3f4a32d0","327_Wang 2023.pdf",,"Wang, B.;Lai, J.;Liao, X.;Jin, F.;Yao, C.","Challenges and Solutions in Implementing eSource Technology for Real-World Studies in China: Qualitative Study Among Different Stakeholders",2023,"https://doi.org/10.2196/48363","Wang, B., Lai, J., Liao, X., Jin, F., & Yao, C. (2023). *Challenges and Solutions in Implementing eSource Technology for Real-World Studies in China: Qualitative Study Among Different Stakeholders*. JMIR Formative Research."
"90bbb0e7-2bf6-440e-b4d0-a55d7c214479","328_Wang-2022-A Framework for Visualizing Study De.pdf",,"Wang, S. V.;Schneeweiss, S.","A Framework for Visualizing Study Designs and Data Observability in Electronic Health Record Data",2022,"https://doi.org/10.2147/clep.S358583","Wang et al. (*A Framework for Visualizing Study Designs and Data Observability in Electronic Health Record Data*)."
"64eb77c2-0a71-49b4-aef5-c228d6709a3c","329_Webster-Clark 2020.pdf",,"Webster-Clark, M.;Jonsson Funk, M.;Stürmer, T.","Single-arm Trials With External Comparators and Confounder Misclassification: How Adjustment Can Fail",2020,"https://doi.org/10.1097/mlr.0000000000001400","Webster-Clark, M., Funk, M. J., & Stürmer, T. (2020). *Single-Arm Trials with External Comparators and Confounder Misclassification: How Adjustment Can Fail*. Med Care."
"ec4d59a8-00c9-4fd7-bb05-449666ed9a54","32_ICH_M11_Technical Specification_Updated Step 2_2025_0203.pdf","Europe","EMA-ICH*","[ICH M11] Clinical electronic Structured Harmonised Protocol (CeSHarP)",2025,"https://database.ich.org/sites/default/files/ICH_M11_Technical%20Specification_Updated%20Step%202_2025_0203.pdf","ICH. (*Clinical Electronic Structured Harmonised Protocol: M11 Technical Specification*). International Council for Harmonisation of Technical Requirements for Pharmaceuticals for Human Use."
"46fa3607-728f-4d5f-9ca3-aded4095e015","330_Wehrle-2022-Implementation of a data control f.pdf",,"Wehrle, K.;Tozzi, V.;Braune, S.;Roßnagel, F.;Dikow, H.;Paddock, S.;Bergmann, A.;van Hövell, P.","Implementation of a data control framework to ensure confidentiality, integrity, and availability of high-quality real-world data (RWD) in the NeuroTransData (NTD) registry",2022,"https://doi.org/10.1093/jamiaopen/ooac017","Wehrle et al. (2022). *Implementation of a data control framework to ensure confidentiality, integrity, and availability of high-quality real-world data (RWD) in the NeuroTransData (NTD) registry*. Oxford University Press on behalf of the American Medical Informatics Association."
"5e4ce605-3eac-47db-a5d0-be955a50f45a","331_Weininger 2017.pdf",,"Weininger, S.;Jaffe, M. B.;Goldman, J. M.","The Need to Apply Medical Device Informatics in Developing Standards for Safe Interoperable Medical Systems",2017,"https://doi.org/10.1213/ane.0000000000001386","Anesthesia & Analgesia. (2017). *The Need to Apply Medical Device Informatics in Developing Standards for Safe Interoperable Medical Systems*."
"756f274f-3ecf-4ea4-9d7d-3d205980f050","332_Wu 2020.pdf",,"Wu, J.;Wang, C.;Toh, S.;Pisa, F. E.;Bauer, L.","Use of real-world evidence in regulatory decisions for rare diseases in the United States-Current status and future directions",2020,"https://doi.org/10.1002/pds.4962","Wu, J. et al. (2024). *Use of real-world evidence in regulatory decisions for rare diseases in the United States -Current status and future directions*."
"abeb27e1-5031-42d8-a8b4-2323fd08cfd9","333_Xia-2019-RWE Framework_ An Interactive Visual.pdf",,"Xia, A. D.;Schaefer, C. P.;Szende, A.;Jahn, E.;Hirst, M. J.","RWE Framework: An Interactive Visual Tool to Support a Real-World Evidence Study Design",2019,"https://doi.org/10.1007/s40801-019-00167-6","Xia, A. D., Schaefer, C. P., Szende, A., Jahn, E., & Hirst, M. J. (2019). *RWE Framework: An Interactive Visual Tool to Support a Real-World Evidence Study Design*."
"6cea2d86-149c-44e2-8ff1-555c73e0eae1","334_Zhu 2020.pdf",,"Zhu, M.;Sridhar, S.;Hollingsworth, R.;Chit, A.;Kimball, T.;Murmello, K.;Greenberg, M.;Gurunathan, S.;Chen, J.","Hybrid clinical trials to generate real-world evidence: design considerations from a sponsor's perspective",2020,"https://doi.org/10.1016/j.cct.2019.105856","Zhu, M. et al. (*n.d.*). *Hybrid clinical trials to generate real-world evidence: design considerations from a sponsor's perspective*. Contemporary Clinical Trials."
"b671fdc8-8ff5-4869-ba1e-986609372e04","335_Zhu-2023-Clinical Pharmacology Applications of.pdf",,"Zhu, R.;Vora, B.;Menon, S.;Younis, I.;Dwivedi, G.;Meng, Z.;Datta-Mannan, A.;Manchandani, P.;Nayak, S.;Tammara, B. K.;Garhyan, P.;Iqbal, S.;Dagenais, S.;Chanu, P.;Mukherjee, A.;Ghobadi, C.","Clinical Pharmacology Applications of Real-World Data and Real-World Evidence in Drug Development and Approval-An Industry Perspective",2023,"https://doi.org/10.1002/cpt.2988","Zhu et al. (*Clinical Pharmacology Applications of Real-World Data and Real-World Evidence in Drug Development and Approval- An Industry Perspective*)."
"c588a4f5-de07-454c-8323-c33babb167d0","336_Zisis-2024-Real-world data_ a comprehensive li.pdf",,"Zisis, K.;Pavi, E.;Geitona, M.;Athanasakis, K.","Real-world data: a comprehensive literature review on the barriers, challenges, and opportunities associated with their inclusion in the health technology assessment process",2024,"https://doi.org/10.3389/jpps.2024.12302","Zisis et al. (2024). *Real-world data: a comprehensive literature review on the barriers, challenges, and opportunities associated with their inclusion in the health technology assessment process*. J. Pharm. Pharm. Sci"
"598ff2f7-f201-453c-836c-98ab46777c97","337_Zou 2024.pdf",,"Zou, K. H.;Berger, M. L.","Real-World Data and Real-World Evidence in Healthcare in the United States and Europe Union",2024,"https://doi.org/10.3390/bioengineering11080784","Zou, K. H., & Berger, M. L. (2024). *Real-World Data and Real-World Evidence in Healthcare in the United States and Europe Union*. Bioengineering."
"81ad69d3-f986-41fa-a633-8bf99fc76a7d","33_ICH_E6(R3)_Step4_FinalGuideline_2025_0106.pdf","Europe","EMA-ICH*","[ICH E6(R3)] Good Clinical Practice (GCP) on the use of RWD",2025,"https://database.ich.org/sites/default/files/ICH_E6%28R3%29_Step4_FinalGuideline_2025_0106.pdf","ICH. (2025). *Guideline for Good Clinical Practice E6(R3)*. International Council for Harmonisation of Technical Requirements for Pharmaceuticals for Human Use."
"ed745023-b996-400f-8f14-7e2ac717495d","340_why-health-is-a-special-case-for-data-governance-2021-06-23.pdf",,,,,"https://tehdas.eu/app/uploads/2021/06/tehdas-why-health-is-a-special-case-for-data-governance-2021-06-23.pdf","TEHDAS Consortium. (2021). *Why health is a special case for data governance*. TEHDAS Consortium."
"5c8b99f3-a269-4c1e-ae92-5b0162e27b59","341_recommendations-on-a-data-quality-framework.pdf",,,,,"https://tehdas.eu/app/uploads/2023/09/tehdas-recommendations-on-a-data-quality-framework.pdf","TEHDAS Consortium. (2023). *Recommendations on a Data Quality Framework for the European Health Data Space for secondary use*. European Commission."
"fbef9539-c7e0-4c8f-b4bf-dcf33f7df47d","342_recommendations-to-enhance-interoperability.pdf",,,,,"https://tehdas.eu/app/uploads/2023/10/tehdas-recommendations-to-enhance-interoperability.pdf","TEHDAS Consortium. (2023). *Recommendations to enhance interoperability within HealthData@EU*. TEHDAS Consortium."
"571bde9f-46ed-47e8-8aec-fc934ad46ac0","343_european-health-data-space-data-quality-framework-2022-05-18.pdf",,,,,"https://tehdas.eu/app/uploads/2022/05/tehdas-european-health-data-space-data-quality-framework-2022-05-18.pdf","TEHDAS Consortium. (2022). *European Health Data Space Data Quality Framework*. TEHDAS Consortium."
"a478d1aa-5b2a-4374-84ab-9cfcf23e63b9","344_identification-of-relevant-standards-and-data-models-for-semantic-harmonization-2022-02-03.pdf",,,,,"https://tehdas.eu/app/uploads/2022/02/tehdas-identification-of-relevant-standards-and-data-models-for-semantic-harmonization-2022-02-03.pdf","TEHDAS Consortium. (2022). *Identification of relevant standards and data models for semantic harmonization*. European Union."
"574279e0-84f4-421a-91b5-88991c5bfecd","345_identifying-those-data-quality-features-that-could-be-legally-bound-2021-11-11.pdf",,,,,"https://tehdas.eu/app/uploads/2021/11/tehdas-identifying-those-data-quality-features-that-could-be-legally-bound-2021-11-11.pdf","TEHDAS Consortium. (2021). *Identifying those data quality features that could be legally bound and providing advice to the European Commission*. TEHDAS Consortium."
"a9346e82-1f7b-402e-bbde-457ed7920ab3","346_options-for-the-services-and-services-architecture-and-infrastructure.pdf",,,,,"https://tehdas.eu/app/uploads/2023/07/tehdas-options-for-the-services-and-services-architecture-and-infrastructure.pdf","TEHDAS Consortium. (2023). *Options for the services and services architecture and infrastructure for secondary use of data in the EHDS*. European Commission."
"441320ba-c3bf-4d57-8e8e-59914cdcb4d3","347_validation-report-on-the-proposed-services-and-architecture-and-infrastructure-solutions.pdf",,,,,"https://tehdas.eu/app/uploads/2023/04/tehdas-validation-report-on-the-proposed-services-and-architecture-and-infrastructure-solutions.pdf","TEHDAS Consortium. (2023). *Validation report on the proposed services and architecture and infrastructure solutions*. European Union's 3rd Health Programme."
"c806ee69-81fc-48b0-8451-22339d7c1994","348_report-on-architecture-and-infrastructure-options-to-support-ehds-services.pdf",,,,,"https://tehdas.eu/app/uploads/2023/03/tehdas-report-on-architecture-and-infrastructure-options-to-support-ehds-services.pdf","TEHDAS Consortium. (2023). *Report on architecture and infrastructure options to support EHDS services for secondary use of data*. European Commission."
"747b5c0f-050f-40cf-bcfb-75b3708801f3","349_report-on-ehds-architecture-and-infrastructure-implementers-expectations-experiences.pdf",,,,,"https://tehdas.eu/app/uploads/2022/06/tehdas-report-on-ehds-architecture-and-infrastructure-implementers-expectations-experiences.pdf","TEHDAS Consortium. (2022). *Report on EHDS architecture and infrastructure implementers' expectations / experiences*. European Union."
"bcd4312e-c5dd-4ba3-8ea0-5e09a75ad8c2","34_ICH_E8-R1_Guideline_Step4_2021_1006.pdf","Europe","EMA-ICH*","[ICH E8] General Considerations for Clinical Studies",2022,"https://www.ich.org/page/efficacy-guidelines","ICH. (2021). *General Considerations for Clinical Studies*. International Council for Harmonisation of Technical Requirements for Pharmaceuticals for Human Use."
"bc00a938-b84f-4065-a306-954a4b6ce630","350_Report_technical_organisational_measures_safeguard_rights.pdf",,,,,"https://cancerimage.eu/wp-content/uploads/2024/02/D3.1_final.pdf","European Commission. (2022). *Report on the technical and organizational measures to safeguard the rights and freedoms of data subjects*. European Commission."
"6e71ce72-2af8-478d-bbf2-a5d08fc4ce61","351_options-for-the-minimum-set-of-services-for-secondary-use-of-health-data-in-the-ehds.pdf",,,,,"https://tehdas.eu/app/uploads/2022/04/tehdas-options-for-the-minimum-set-of-services-for-secondary-use-of-health-data-in-the-ehds.pdf","TEHDAS Consortium. (2022). *Options for the minimum set of services for secondary use of health data in the EHDS*. European Commission."
"deed0bb1-4c84-4c31-8218-28cd07399ca5","352_catalogue-of-ehds-services-for-secondary-use-of-health-data-2021-12-09.pdf",,,,,"https://tehdas.eu/app/uploads/2021/12/tehdas-catalogue-of-ehds-services-for-secondary-use-of-health-data-2021-12-09.pdf","TEHDAS Consortium. (2021). *Catalogue of EHDS services for secondary use of health data*. TEHDAS Consortium."
"6a97b605-3bc0-471b-8a48-1a96003f0d3e","353_report-on-ehds-services-users-expectations-2021-11-04.pdf",,,,,"https://tehdas.eu/app/uploads/2021/11/tehdas-report-on-ehds-services-users-expectations-2021-11-04.pdf","TEHDAS Joint Action. (2021). *Report on EHDS services users' expectations*."
"e96689cf-7702-491f-a244-2d31bfb58bbb","354_technical-and-operational-analysis-report-of-existing-data-sharing-initiatives-2021-09-30.pdf",,,,,"https://tehdas.eu/app/uploads/2021/09/tehdas-technical-and-operational-analysis-report-of-existing-data-sharing-initiatives-2021-09-30.pdf","TEHDAS Consortium. (2021). *Technical and operational analysis report of existing data sharing and/or secondary use initiatives in health and biomedical sciences*. European Union."
"dd914226-ebb1-4821-ab9a-054368b764f6","355_recommendations-for-data-altruism-practices.pdf",,,,,"https://tehdas.eu/app/uploads/2023/09/tehdas-recommendations-for-data-altruism-practices.pdf","TEHDAS Consortium. (2023). *Report on lessons learned to be applied and recommendations for data altruism practices in the implementation of construction of national and European health data spaces (including broad consent)*. European Commission."
"0b23516e-d1db-41aa-8ea6-7454bbdbfb8e","356_1_recommendations-on-how-to-engage-citizens-in-the-european-health-data-space.pdf",,,,,"https://tehdas.eu/app/uploads/2023/03/tehdas-recommendations-on-how-to-engage-citizens-in-the-european-health-data-space.pdf","TEHDAS Joint Action. (*Recommendations on how to engage citizens in the European Health Data Space*). European Commission."
"ce69f082-a955-4f3e-8b4e-a0cb3bcb6c2e","357_study-to-assess-citizens-perception-of-sharing-health-data-for-secondary-use.pdf",,,,,"https://tehdas.eu/app/uploads/2023/03/tehdas-study-to-assess-citizens-perception-of-sharing-health-data-for-secondary-use.pdf","TEHDAS Consortium. (2023). *Qualitative study to assess citizens' perception of sharing health data for secondary use and recommendations on how to engage citizens in the EHDS*. European Commission."
"9ecb0c9a-1131-48d2-9112-54dc90173402","358_primary-recommendations-to-foster-gdpr-compliant-data-altruism-mechanisms-for-the-ehds.pdf",,,,,"https://tehdas.eu/app/uploads/2022/12/primary-recommendations-to-foster-gdpr-compliant-data-altruism-mechanisms-for-the-ehds.pdf","TEHDAS Consortium. (2022). *Primary recommendations to foster GDPR-compliant data altruism mechanisms for the EHDS*. TEHDAS Consortium."
"bb865a78-480d-420d-9013-486b56a3d11f","359_overview-of-results-of-eu-wide-multi-stakeholder-workshops-on-data-altruism.pdf",,,,,"https://tehdas.eu/app/uploads/2022/07/tehdas-overview-of-results-of-eu-wide-multi-stakeholder-workshops-on-data-altruism.pdf","TEHDAS Consortium. (2022). *Overview about the results of EU-wide multi stakeholder workshops, with a special regard to updated definitions, needs, solutions, experiences, and good practices of data altruism structures and functions for the future EHDS*. European Commission."
"850fc3e1-b086-4eaa-9333-cca35a72daee","35_E9-R1_Step4_Guideline_2019_1203.pdf","Europe","EMA-ICH*","[ICH E9 (R1)] (addendum on estimands) “Statistical Principles for Clinical Trials”",2020,"https://www.ich.org/page/efficacy-guidelines","ICH. (2019). *Addendum on Estimands and Sensitivity Analysis in Clinical Trials to the Guideline on Statistical Principles for Clinical Trials E9(R1)*. International Council for Harmonisation of Technical Requirements for Pharmaceuticals for Human Use."
"7067ce48-0478-437e-89aa-f333529e6629","360_an-online-citizen-consultation-about-health-data-reuse-intermediate-report.pdf",,,,,"https://tehdas.eu/app/uploads/2022/07/tehdas-healthy-data-an-online-citizen-consultation-about-health-data-reuse-intermediate-report.pdf","TEHDAS Consortium. (2022). *Healthy Data, an online citizen consultation about health data reuse - intermediate report*. European Commission."
"dc9688d8-2af8-49b6-9583-7dc94b2af606","361_citizens-perception-of-and-engagement-with-health-data-secondary-use-and-sharing-in-europe.pdf",,,,,"https://tehdas.eu/app/uploads/2021/11/tehdas-citizens-perception-of-and-engagement-with-health-data-secondary-use-and-sharing-in-europe.pdf","TEHDAS Consortium. (2021). *Citizens' perception of and engagement with health data secondary use and sharing in Europe - a literature review*. European Commission."
"7e9f873c-1d1b-4713-bc1d-752f05790c23","362_Design_arhitecture_APIs_modules_2023.pdf",,,,,"https://cancerimage.eu/wp-content/uploads/2024/02/D6.1_final.pdf","Gelpí et al. (2023). *Design of the architecture and APIs and modules' specification of the federated analysis infrastructure*."
"fc5c1ad9-0b7c-4e40-a4c6-f27c07ea1953","363_presentation-of-a-first-set-of-data-altruism-definitions-use-cases-and-findings.pdf",,,,,"https://tehdas.eu/app/uploads/2021/09/tehdas-presentation-of-a-first-set-of-data-altruism-definitions-use-cases-and-findings.pdf","TEHDAS Consortium. (2021). *Presentation of a first set of data altruism definitions, use cases and findings*. TEHDAS Consortium."
"0ec183bd-7e23-41f7-b8d7-6a1bfd638be9","364_HTx-Deliverable-1.1-Final-MH.pdf",,,,,"https://www.htx-h2020.eu/wp-content/uploads/2021/01/HTx-Deliverable-1.1-Final-MH.pdf","Hogervorst et al. (2020). *A Gap Analysis of the Challenges in Health Technology Assessment of Complex Health Technologies: Systematic review on how (cost-) effectiveness of combinations of health technologies, individualised/personalised treatments and treatment pathways is currently being assessed by HTA bodies*."
"9cf4da0b-f3a8-42e7-9833-cb8e070a17ed","365_HTx-Deliverable-1.3-MDS-treatment-modalities-Final.pdf",,,,,"https://www.htx-h2020.eu/wp-content/uploads/2021/01/HTx-Deliverable-1.3-MDS-treatment-modalities-Final.pdf","European Commission. (2020). *Review on treatment modalities for patients with myelodysplastic syndrome (MDS): Management options for low-risk myelodysplastic syndrome*. European Commission."
"d297f9f8-fc01-45e0-ad0a-47d4258ee975","366_HTx-Deliverable-1.4-Description-of-data-in-CASE-STUDY-3.pdf",,,,,"https://cordis.europa.eu/project/id/825162/results","European Commission. (2020). *Report describing the available data sources in relapsing-remitting Multiple Sclerosis case study 3*. European Commission."
"01fa4ac8-45ef-4631-a6ef-c5e3af3acec8","367_HTx-Deliverable-1.5.-Report-treatment-T1DMT2DM-18122020.pdf",,,,,,"Somolinos et al. (2020). *Report on the relevant treatment combinations for the T1DM and T2DM patients*."
"32116e18-0841-442c-aea7-8a1ba6b29cee","368_HTx-D1.6-2.pdf",,,,,,"Langendijk et al. (2020). *Reviews on applicable patients and models for proton therapy for patients with head and neck cancer*."
"864fe9a7-2dc3-4257-b0b0-27b535f873ea","369_HTx-D3.2-2.pdf",,,,,,"The HTx Consortium. (2023). *Report of explanatory factors for treatment effectiveness based on the data from the case study. This includes experimental results using different machine learning methods showing which signals and factors are most important*."
"fd759748-db1d-4aa6-88e7-280f73915966","36_E10_Guideline.pdf","Europe","EMA-ICH*","[ICH E10] Choice of Control Group and Related Issues in Clinical Trials",2001,"https://www.ich.org/page/efficacy-guidelines","ICH. (2000). *Choice of Control Group and Related Issues in Clinical Trials E10*. International Council for Harmonisation of Technical Requirements for Pharmaceuticals for Human Use."
"d7b102a3-126e-429a-9b5a-098a20d8db05","370_HTx-D4.1.pdf",,,,,,"Hogervorst et al. (2020). *Review on the current synergies with clinical guideline developers*."
"3d8acf02-c659-45e6-a8df-42bca87d43da","371_HTx-D4.2.pdf",,,,,,"Copenhagen Centre for Regulatory Science (CORS). (2020). *Review on the outcomes of synergies between regulatory agencies and HTA agencies*."
"0075fc6d-9a76-4af1-bdf5-b1f4b478d7b2","372_EUCAIM-CDM-and-Hyper-Ontology_2024.pdf",,,,,,"El Ghosh et al. (2023). *The EUCAIM CDM and Hyper-Ontology for Data Interoperability: initial version*."
"4e7012b2-2c68-42ea-83f6-eafa02906221","373_HTx-D4.4-Overview-of-the-development-of-the-use-of-RWD-final-for-publication.pdf",,,,,,"EUnetHTA. (2020). *Overview of the development of the use of RWD including a review of international consensus methods currently developed*. European Commission."
"efb4bea6-42bf-4c0e-b02c-c7d4a21d3d5a","374_HTx-Deliverable-4.5-Payment-Models-FINAL.pdf",,,,,,"Vreman, R. A., Goettsch, W. G., & Mantel-Teeuwisse, A. K. (2019). *Review on suitable payment models for co-dependent technologies, combination technologies and advanced therapy medicinal products (ATMP's)*."
"e6695014-f369-479c-9ad3-25da5f9ae0e9","375_HTx_Deliverable-4.6_Draft-30-11-2021b.pdf",,,,,,"Elise Quik et al. (2021). *Web application enabling users to select PROMs: The PROM-select app*."
"ad1b6ec8-a2f9-493f-8686-7921e5a53508","376_HTx-D4.8.pdf",,,,,,"Callenbach et al. (2021). *Policy paper on transferability of payment models throughout Europe (including low- and middleincome countries)*."
"ed7d80b8-233c-4a43-a063-17ba96178eec","377_1-PROM_toolbox_homepage_EQ-20-12-2021.pdf",,,,,,"Quik, E. H. (2019). *The PROM toolbox*."
"7ac51a55-a110-417f-bf1c-da8acfc91b77","378_2-PROM-guide_EQ_Final-20-12-2021-1.pdf",,,,,,"Quik et al. (2018). *Orientation and preparation for measuring patient-reported outcomes with Patient/Person-Reported Outcome Measures*."
"4e52ff8a-7e1f-4065-b942-3df1d6e57bd3","379_3-Lit_review_Use-PROMs_EQ-Final-20-12-2021.pdf",,,,,,"National Health Care Institute. (2018). *Literature review on the use of PROMs: Current knowledge and scientific evidence for the use of Patient-Reported Outcome Measures*. National Health Care Institute."
"6fe88615-935f-4ce3-9be3-0223f8520d7d","37_2018_mapping_methodologies_en_0.pdf","Europe","European Commission","Mapping of HTA methodologies in EU and Norway",2017,"https://health.ec.europa.eu/system/files/2018-01/2018_mapping_methodologies_en_0.pdf","European Commission. (2017). *Mapping of HTA methodologies in EU and Norway*. European Commission."
"6d0b81eb-e0ec-449a-af70-9da9d1a01dc5","380_4-PROM-Cycle_2021_EQ_Final-20-12-2021.pdf",,,,,,"Verkerk, E., Verbiest, M., van Dulmen, S., van der Wees, P., Terwee, C., Beurskens, S., de Boer, D., Bakker, C., Vajda, I., & Zuidgeest, M. (2023). *Eight steps to select and implement PROMs for healthcare settings*."
"a647e915-cc78-4bcd-9831-b9ab4df0e45e","381_5-LINNEAN_MENU_EQ_Final-20-12-2021.pdf",,,,,,"Terwee et al. (2019). *Generic PROMs menu Advice: Advice from the Linnean working group on PROMs and PREMs*."
"34830a7f-c103-463a-8307-fc5d1a152a02","382_7-The-making-of-PROM-overview-20-12-2021.pdf",,,,,,"Quik, E. H. et al. (2019). *The making of the PROM-overview & PROM-select app: enabling users to select Patient-Reported Outcome Measures*."
"8a9b02b8-6080-4add-b044-4fd094198d28","383_Data_processing_with_supplementary_m.pdf",,,,,,"Martín et al. (2022). *D5.4: Data Preprocessing Tools and Services*."
"ecf1fd9c-c463-45af-8c81-1ecf361b3d41","384_Acceptability of Using Real-World Data to Estimate Relative Treatment Effects in Health Technology Assessments_Barriers and Future Steps_Value in Health_2024.pdf",,,,,,"Value in Health. (2024). *Acceptability of Using Real-World Data to Estimate Relative Treatment Effects in Health Technology Assessments: Barriers and Future Steps*."
"148224b2-b16c-4138-bae7-c690786c3d5d","386_Markov modeling for cost effectiveness using federated data network_JAMIA_2024.pdf",,,,,,"Haug et al. (*Markov modeling for cost-effectiveness using federated health data network*)."
"c894efc0-8e53-4352-b6e8-f48a25475dc1","387_TrajectoryViz_Interactive visualization of treatment trajectories_Informatics in Medicine Unlocked_2024.pdf",,,,,,"Pajusalu et al. (2023). *TrajectoryViz: Interactive visualization of treatment trajectories*. Informatics in Medicine Unlocked."
"6c16d8e3-8ce2-49f9-a91d-3199b76a890a","388_Transforming Estonian health data to the Observational Medical Outcomes Partnership (OMOP) Common Data Model_JAMIAopen_2024.pdf",,,,,,"Oja et al. (2023). *Transforming Estonian health data to the Observational Medical Outcomes Partnership (OMOP) Common Data Model: lessons learned*. Oxford University Press on behalf of the American Medical Informatics Association."
"dd344373-f02d-4e42-abb4-ed1c84e829a6","389_Development and validation of a patient-level model to predict dementia across a network of observational databases_BMC Medicine_2024.pdf",,,,,,"John et al. (2024). *Development and validation of a patient-level model to predict dementia across a network of observational databases*."
"a89d8d54-7e85-470c-9f35-3b86a4f35520","38_hta_clinical-studies-validity_guidance_en.pdf","Europe","European Commission","Guidance on Validity of Clinical Studies for joint clinical assessments",2024,"https://health.ec.europa.eu/publications/guidance-validity-clinical-studies-joint-clinical-assessments_en","HTA CG. (2024). *Guidance on Validity of Clinical Studies*. European Union."
"f1b5d6d9-3b71-4231-b0e9-cb3e7470b654","390_Transforming the Information System for Research in Primary Care (SIDIAP) in Catalonia to the OMOP Common Data Model and Its Use for COVID19 Research_Clin Epidemiol_2023.pdf",,,,,,"Raventós, B., Fernández-Bertolín, S., Aragón, M., Voss, E. A., Blacketer, C., Méndez-Boo, L., Recalde, M., Roel, E., Pistillo, A., Reyes, C., van Sandijk, S., Halvorsen, L., Rijnbeek, P. R., Burn, E., & Duarte-Salles, T. (2022). *Transforming the Information System for Research in Primary Care (SIDIAP) in Catalonia to the OMOP Common Data Model and Its Use for COVID-19 Research*."
"5a539e08-46f2-44c7-afea-99a686db6545","391_Assessing the FAIRness of databases on the EHDEN portal_A case study on two Dutch ICU databases_Int J Med Informatics_2023.pdf",,,,,,"Puttmann et al. (2023). *Assessing the FAIRness of databases on the EHDEN portal: A case study on two Dutch ICU databases*. International Journal of Medical Informatics."
"79dd228b-20d2-46d2-b397-61178f922b14","392_A standardized framework for risk-based assessment of treatment effect heterogeneity in observational healthcare databases_ Rekkas A_ NPJ_2023.pdf",,,,,,"Rekkas, A., van Klaveren, D., Ryan, P. B., Steyerberg, E. W., Kent, D. M., & Rijnbeek, P. R. (2023). *A standardized framework for risk-based assessment of treatment effect heterogeneity in observational healthcare databases*. npj Digital Medicine."
"fe48af41-548e-44ab-8dff-c6d1c5402686","393_Estimating individualized treatment effects from randomized controlled trials_ a simulation study to compare riskbased approaches_BMCMedResMeth_2023.pdf",,,,,,"Rekkas et al. (2023). *Estimating individualized treatment effects from randomized controlled trials: a simulation study to compare risk-based approaches*."
"ee8d8050-c9cc-42ae-a669-59164823c885","394_Local-Node-Set-up-for-Data-Federation_InterimVersion_final.pdf",,,,,,"Paris Laras et al. (2022). *Interim set-up of local nodes for data federation (progress report for T5.5)*."
"44256756-135a-49df-8a69-f8fd5d9fb0ff","395_Applying Machine learnig in distributed data Networks for Pharma coepidemiologic.pdf",,,,,,"Wong et al. (2022). *Applying Machine Learning in Distributed Data Networks for Pharmacoepidemiologic and Pharmacovigilance Studies: Opportunities, Challenges, and Considerations*. Springer Nature Switzerland AG."
"a51d9eea-d54b-43a0-a851-b40b7eae78c9","396_Increasing Trust in Real-World Evidence Through Evaluation of Observational Data Quality.pdf",,,,,,"Blacketer et al. (2021). *Increasing Trust in Real-World Evidence Through Evaluation of Observational Data Quality*."
"86a21d76-5b79-4fee-a1c1-27f1b7f40f86","397_Common Problems Common Data Model Solutions Evidence Generation for Health Technology Assessment.pdf",,,,,,"Kent et al. (2020). *Common Problems, Common Data Model Solutions: Evidence Generation for Health Technology Assessment*."
"18ffe9a7-4dfe-4c6c-be17-42328f91a637","398_The role of explainability in creating trustworthy artificial intelligence for health care.pdf",,,,,,"Markus et al. (2023). *The role of explainability in creating trustworthy artificial intelligence for health care: a comprehensive survey of the terminology, design choices, and evaluation strategies*."
"7f00cd49-23a3-4add-ae32-6be0eb57353e","399_D1.3-RMM Effectiveness testing methods_v3f.pdf",,,,,,"Khalid et al. (*Implementation of Risk Minimisation Measures Effectiveness Testing Methods*)."
"38e27b71-ae2f-4368-b879-942f392b16fc","39_PIIS0923753423040188.pdf","Europe","ESMO","ESMO Guidance for Reporting Oncology Real-World evidence (GROW)",2023,"https://www.annalsofoncology.org/action/showPdf?pii=S0923-7534%2823%2904018-8","ESMO. (2023). *ESMO Guidance for Reporting Oncology real-World evidence (GROW)*. Annals of Oncology."
"89f6fde6-a672-426a-ab2d-bde0529027ab","3_Examples-RWE-Report_0.pdf","USA","FDA","Examples of Real-World Evidence (RWE) Used in Medical Device Regulatory Decisions (Industry and Food and Drug Administration Staff) 2023",2023,"https://www.fda.gov/media/146258/download","FDA. (2019). *Examples of Real-World Evidence (RWE) Used in Medical Device Regulatory Decisions*. U.S. Food and Drug Administration."
"8cf380c9-d6b9-48dd-b2da-9799fe1ebaf6","400_Workshop for HTA and payer community demonstrate the OMOP-CDM for generating meaningful HTA + payer evidence.pdf",,,,,,"Lamb, A. & Bouvy, J. (2020). *Workshop for HTA and payer community: demonstrate the OMOP-CDM for generating meaningful HTA + payer evidence*."
"cc23e646-ba80-4c67-ad75-b3cf2077f1d5","401_D3.2 - First Report on the Implementation of the Analytical Pipeline for Personalized Medicine.pdf",,,,,,"Rijnbeek et al. (*First Report on the Implementation of the Analytical Pipeline for Personalized Medicine*)."
"02016652-031b-4fa1-a7e7-f9ac81ac9081","402_D3.3 - Assessment of regulatory requirements for patient level decision making.pdf",,,,,,"Kent, S., Bouvy, J., & Rijnbeek, P. (2020). *Assessment of regulatory requirements for patient level decision making*."
"7c4b0c00-7fd1-4463-a725-e2cfb7bdabfc","403_D3.4 - Second Report on the Implementation of the Analytical Pipeline for Personalized Medicine.pdf",,,,,,"Rijnbeek et al. (2023). *Second Report on the Implementation of the Analytical Pipeline for Personalized Medicine*."
"f45fac34-d6a0-412d-bb53-c232f54dfc18","404_D3.5 - First Report in educational and training material for the developed analytical tools.pdf",,,,,,"Rijnbeek, P., & Hughes, N. (2020). *First report on educational and training material for the developed analytical tools*."
"9f7d9716-9a07-4d71-b47b-011bf355484f","405_UNCAN_Toward_European_Federated_Cancer_Research.pdf",,,,,,"Boutros et al. (2024). *UNCAN.eu: Toward a European Federated Cancer Research Data Hub*. Cancer Discov."
"bb242f99-bc73-48d2-9d65-fdb6cac058ea","406_D3.6_Third Report Pipeline_v1.1_final.pdf",,,,,,"Rijnbeek et al. (*Third Report on the Implementation of the Analytical Pipeline for Personalized Medicine*)."
"485e25f1-e532-4323-a597-3dcafbbf1263","407_D3.7_Use Cases_v1.2-final.pdf",,,,,,"Rijnbeek et al. (*First Report on the implementation of selected use cases in the data network*)."
"b1582424-e42c-4683-a428-a291e7912351","408_D4.4 - Report on educational and training material for the developed analytical tools.pdf",,,,,,"Hughes, N., John, H., & Rijnbeek, P. (2020). *Report on educational and training material for the developed analytical tools*."
"e459d0f5-9711-432d-a98b-b816bf93ebb7","409_D4.5 - Roadmap for interoperability solutions.pdf",,,,,,"van Bochove et al. (*Roadmap for interoperability solutions*)."
"394f37c4-1c4b-42b1-9c11-d2dcc1aaf2fb","410_D4.6 - Final version of the Framework for quality benchmarking.pdf",,,,,,"Blacketer et al. (*Framework for quality benchmarking*)."
"6431ba5e-4d42-43d3-af31-2ee65076b164","411_D4.7 - Yearly Progress Report on Technical Framework.pdf",,,,,,"Moinat & Van Speybroeck. (2020). *Yearly Progress Report on Technical Framework*."
"a93352fe-61f0-4d08-bfb1-005e2d0d9e25","412_D5.1 - Report on SME Certification Procedure and Data Source Grant Awarding developed and implemented.pdf",,,,,,"Rijnbeek et al. (*Report on SME Certification Procedure and Data Source Grant Awarding developed and implemented*)."
"944d241c-2474-4a17-b688-13562a65f526","413_D5.2 - Report on Quality Assurance and Control Procedures.pdf",,,,,,"Clair Blacketer et al. (*Report on Quality Assurance and Control Procedures*)."
"93c4fbd5-2568-4664-be4d-0798a7e4d21f","414_D5.5_Federated Network_v4_final.pdf",,,,,,"P. Rijnbeek et al. (*Report on Federated Network Studies*)."
"a849f49a-54d6-4b44-85c4-278126a110e0","415_D6.3_AnalysisPPPexploitationmodels_final.pdf",,,,,,"Díaz et al. (*Analysis of potential Public-Private Partnership exploitation models*)."
"a23fc9dd-69d2-4265-a8f4-ddc00de0b4df","416_Interpretability_Guided_data_Augmentation_Robust_Segmentation.pdf",,,,,,"Corbetta et al. (2024). *Interpretability-guided Data Augmentation for Robust Segmentation in Multi-centre Colonoscopy Data*."
"341515dd-26c0-427e-929b-a498c434ace8","417_D6.8_LiasionBD4BOprojects_vfinal.pdf",,,,,,"Hughes, N., Díaz, C., & Camprubí, M. (2021). *Report on liaison with other BD4BO projects*."
"c45dedab-a897-4d62-bd66-e6705dff7b58","418_Big_Data_plattform.pdf",,,,,,
"23a7001a-a900-4a45-9c45-c0f40e7e26e0","419_D2.1_Report_on_defined_standard_outcomes_and_diagnostic_and_prognostic_factors.pdf",,,,,,"WP2 Project Consortium. (*Report on defined standard outcomes and DPFs for different stages of prostate cancer - publishable summary*)."
"db07acd4-8e7d-476f-a96d-4c61842d6dc9","41_RegulatoryScienceSummit_Feb2024_Report.pdf","Europe","IHI","IHI Regulators Science Summit Report",2024,"https://www.ihi.europa.eu/sites/default/files/uploads/Documents/ProjectResources/RegulatoryScienceSummit_Feb2024_Report.pdf","IHI. (2024). *IHI Regulatory Science Summit*. Innovative Health Initiative."
"0069203a-b2b7-48de-8539-f3de22c95f98","420_D2.4_Online_website_to_translate_use_of_standard_outcomes.pdf",,,,,,"PIONEER Project. (2021). *Online website to translate use of standard outcomes and DPFs into medical practice*."
"a2f07efd-90ee-456f-8e9d-6340be94f8e5","421_Publishable_summary_D3.1-D3.6.pdf",,,,,,"PIONEER Consortium. (*PIONEER Deliverables D3.1 to D3.6: Publishable Summaries*)."
"d2d0b2ba-d96f-4818-85f8-a587640b1af6","422_Publishable-summary-D3.7-D3.11.pdf",,,,,,"PIONEER Project. (*Deliverable Summaries: Data Use Agreements, Data Contributor Identification, Data Catalogue, OMOP Mapping, and Cohort Dataset Import*)."
"2015c612-d14e-4a2e-be46-0a6472a8de38","423_D3.13_Evaluation of data access policy.pdf",,,,,,"PIONEER Project. (*Evaluation of Data Access Policy*)."
"68841584-c6b7-4ceb-9ce3-9a0044ad7068","424_D6.1_Characterization and mapping of regulator and payer evidence challenges.pdf",,,,,,"PIONEER Program. (2021). *Characterization and mapping of regulator and payer evidence challenges in PCa*."
"5223ed19-9161-4859-851f-1c77c554dbcf","425_D6.2_Protstate Cancer reference models.pdf",,,,,,"PIONEER Project. (2022). *Prostate Cancer Diagnosis and Treatment Enhancement through the Power of Big Data in Europe: Prostate cancer reference models*."
"71cd8f9b-5017-4dce-8ffe-c0a32546e942","426_D6.3_Identification of ECPFSFF members and establishment of the forum.pdf",,,,,,"PIONEER Project. (*Identification of ECPSFF members and establishment of the forum - publishable summary*)."
"f2424434-fca2-4835-aabd-4a8f2af03cd2","427_Robot_assited_implantation_microelectrode_array.pdf",,,,,,"Rocca et al. (2023). *Robot-assisted implantation of a microelectrode array in the occipital lobe as a visual prosthesis: technical note*. Journal of Neurosurgery."
"d8c14532-a937-40d5-bca8-34cc42144f26","428_d9_1_user_requirements_exec_summary_website.pdf",,,,,,"van der Lei et al. (*EMIF Deliverable 9.1: Initial requirements and benchmarks set*)."
"9ee7c4bb-56c8-41b2-b8f8-65848f80487e","429_d9_2_platform_requirements_exec_summary_website.pdf",,,,,,"van der Lei et al. (*EMIF Deliverable 9.2: Platform Requirements & Evaluation Plan*)."
"4c414e0b-e7ed-444a-b629-296db9b1c6ea","42_05.01.0301 Feasibility Documentation  - Registry Evaluation and Quality Standards Tool (REQueST) _ 10-Sep-2023_Redacted.pdf","Europe","EUNetHTA","Final validated Standards Tool for Registries in HTA prepared",2019,"https://catalogues.ema.europa.eu/system/files/2025-02/05.01.0301%20Feasibility%20Documentation%20%20-%20Registry%20Evaluation%20and%20Quality%20Standards%20Tool%20%28REQueST%29%20_%2010-Sep-2023_Redacted.pdf","EUnetHTA. (2020). *Registry Evaluation and Quality Standards Tool (REQueST)*. European Network for Health Technology Assessment."
"e2f66b52-b057-4b67-9aa9-10db7ba2e7e4","430_d9_3_interim_framework_evaluation_exec_summary_website.pdf",,,,,,"van der Lei et al. (*EMIF Deliverable 9.3: Interim framework evaluation results and requirements*)."
"4e83b235-95ea-426b-9527-b8c69adf495f","431_d9_4_second_framework_evaluation_exec_summary_website.pdf",,,,,,"van der Lei et al. (*EMIF Deliverable 9.4: Second framework evaluation results and requirements*)."
"b1f4abda-83a5-4797-80ef-ea68f9546c4a","432_d9.5_final-evaluation-results-and-roadmap-for-future-development.pdf",,,,,,"Egger et al. (*EMIF Deliverable 9.5: Final evaluation results and roadmap for future development*)."
"1c7e7f8c-44f1-48c8-89d8-bd0c617e4126","433_d10_1_initial_fingerprinting_exec_summary_website.pdf",,,,,,"van der Lei et al. (*EMIF Deliverable 10.1: Initial database fingerprinting*)."
"cb27da35-bddc-4e5f-8564-9bee29fb6ac3","434_d10_2_federation_procedures_exec_summary_website.pdf",,,,,,"van der Lei et al. (2014). *First report on federation procedures, ethical and legal issues*."
"71c4dead-3163-49b6-908f-5c7e8b82b565","435_d10_3_full_fingerprinting_exec_summary_website.pdf",,,,,,"van der Lei et al. (*EMIF Deliverable 10.3: Full database fingerprinting*)."
"6c66f1dc-940a-4bfc-8a3a-6a480fb10137","436_D10.5_-final-version-of-the-emif-code-of-practice.pdf",,,,,,"EMIF. (*EMIF Code of Practice*). European Medicines Agency."
"0722a248-70b6-46e9-a604-41f2897a0ed7","437_d11_1_semantic_framework_initial_exec_summary_website.pdf",,,,,,"van der Lei et al. (*Initial specification of the Semantic Framework of Reference*)."
"22998e21-55dc-4bc6-9d93-63964d5877cc","438_Deep_Learning_Multimodal_Ultrasound.pdf",,,,,,"Gu, J., Zhong, X., Fang, C., Lou, W., Fu, P., Woodruff, H. C., Wang, B., Jiang, T., & Lambin, P. (2023). *Deep Learning of Multimodal Ultrasound: Stratifying the Response to Neoadjuvant Chemotherapy in Breast Cancer Before Treatment*. Oxford University Press."
"b224ba8b-05a9-4ed3-89be-cae4f7a1dcc8","439_d11_2_first_version_cdm_exec_summary_website.pdf",,,,,,"van der Lei et al. (*Common Data Model and Associated Terminology Mapping*)."
"3495310a-6eaa-49e7-9441-4c501df2455d","43_Optimizing the Use of Real World Evidence to Inform Regulatory Decision-Making - Canada.ca.pdf","Canada","Santé Canada/ Health Canada","Optimizing the Use of Real-World Evidence to Inform Regulatory Decision-Making",2019,"https://www.canada.ca/en/health-canada/services/drugs-health-products/drug-products/announcements/optimizing-real-world-evidence-regulatory-decisions.html","Health Canada. (2018). *Health Canada's Evolving Approach to Leveraging Real World Evidence (RWE) for Drug Regulatory Decisions*. Health Canada."
"9537a783-80d1-422e-a1da-aa875219c21a","440_d11_4_complete_version_cdm_exec_summary_website.pdf",,,,,,"van der Lei et al. (*First complete version of the harmonised information model and associated terminology mapping*)."
"be88280c-7744-4697-aa9b-a065cb26fa13","441_d11_5_second_version_cdm_exec_summary_website.pdf",,,,,,"van der Lei et al. (2016). *Second version of the harmonised information model and associated terminology mapping*."
"de01ffdd-eeaf-4970-9e8d-651fd82e7738","442_d11.6_final-report-on-harmonisation-and-semantics.pdf",,,,,,"Kalra et al. (2018). *Final Report on Harmonisation and Semantics*."
"908a3186-14ba-432e-9eeb-ff08fafe2e60","443_d12_1_data_extraction_software_v1_exec_summary_website.pdf",,,,,,"van der Lei et al. (*EMIF Deliverable 12.1: Data extraction software*)."
"f0287a32-2a77-448f-8189-b872c9ce9e20","444_d12_4_report_data_linkage_exec_summary_website.pdf",,,,,,"van der Lei et al. (*Report on data linkage*)."
"e0f049a5-8ea3-4d00-b7a9-853d3c67e553","445_d12_5_interim_report_specialised_data_exec_summary_website.pdf",,,,,,"van der Lei et al. (*Interim report on specialised data extraction, benchmarking, aggregation and processing*)."
"aca9c09d-9d59-49cd-8429-175dcc979e4e","446_d12.6_final-version-data-extraction-software.pdf",,,,,,"Rijnbeek et al. (*EMIF Deliverable 12.6: Final version data extraction software*)."
"2c548166-8584-482a-bd3a-6f19b733c9d2","447_d12.7_final-report-on-data-flows-data-integration-processing-and-linkage.pdf",,,,,,"Rijnbeek et al. (*Final report on data flows, data integration, processing and linkage*)."
"1f9990e8-bc1f-4792-aea7-24f307549c4b","448_Interpretable_Radiomics_Model_Based_Two-Dimensional.pdf",,,,,,"Cancers. (2023). *An Interpretable Radiomics Model Based on Two-Dimensional Shear Wave Elastography for Predicting Symptomatic Post-Hepatectomy Liver Failure in Patients with Hepatocellular Carcinoma*. Cancers."
"2e48844d-ae0c-4914-b30e-343bc634fee7","449_2025-01-20-tehdas2-milestone-5.1.pdf",,,,,,"TEHDAS2 Consortium. (2024). *Guideline on data description: Guideline for health data holders on their duties regarding data description*. TEHDAS2 Consortium."
"5199e47f-3462-4678-97f2-61c04bee81d2","450_d13_1_tools_for_data_analysis_and_visualisation_full_webiste.pdf",,,,,,"Kurbatova, N., & Verbeeck, R. (*Evaluation of technologies and tools available for data analysis and visualisation*)."
"c5c7b490-2156-4fb4-9844-6094df189f80","451_d13_3_data_analysis_visualisation_tools_v1_full_website.pdf",,,,,,"Kurbatova, N. (*Data analysis and visualisation tools, including workflows for linkage with omics data*)."
"b34b646c-4b79-4b26-8564-00596169a462","452_d13_4_data_analysis_tools_for_vertical_projects_v2_full_webiste.pdf",,,,,,"Kurbatova, N. (2016). *Data analysis tools for vertical projects*."
"b3266a4c-7a7b-43cd-a008-51cd1bb46810","453_d13_5_data_analysis_visialisation_tools_v2_full_website.pdf",,,,,,"Kurbatova, N. (2016). *Data analysis and visualisation tools, including workflows for linkage with omics data*."
"ed9081da-70a2-4593-9845-f2cffed98550","454_d13.6_final-suite-of-modules-and-tools-for-data-analysis.pdf",,,,,,"Kurbatova et al. (*EMIF Deliverable 13.6: Final suite of modules and tools for data analysis, visualisation and linkage of EHR data with omics data*)."
"13864372-ee8d-4060-8af0-6f4371aebe74","455_d14_1_platform_architecture_v1_exec_summary_website.pdf",,,,,,"van der Lei et al. (*First report on the EMIF-Platform design and architecture, including specifications for privacy protection tools and services*)."
"f06aa6f3-5481-4293-97fe-8a23b35db265","456_d14_2_data_mgt_verticals_exec_summary_website.pdf",,,,,,"van der Lei et al. (2014). *EMIF Deliverable 14.2: A data management solution for vertical projects*."
"d14b5d00-351e-4c3a-8207-d37994721bde","457_d14_5_data_management_verticals_exec_summary_website.pdf",,,,,,"van der Lei et al. (*A data management solution for vertical projects*)."
"58b45ca4-1bd0-44ab-950f-ca4a492937fd","458_d14_6_platform_v2_exec_summary_website.pdf",,,,,,"van der Lei et al. (*EMIF Deliverable 14.6: EMIF-Platform*)."
"19609dcc-3c91-47ce-ac76-4d14fd71f471","459_Combining-deep-learning-and-handcrafted-radiomics-for-classification-of-suspicious-lesions-on.pdf",,,,,,"Beuque et al. (2023). *Combining Deep Learning and Handcrafted Radiomics for Classification of Suspicious Lesions on Contrast-enhanced Mammograms*. Radiology."
"a26580d9-ba44-4d2b-a9c4-ca73c02babdc","45_Elements of real world data_evidence quality throughout the prescription drug product life cycle - Canada.ca.pdf","Canada","Santé Canada/ Health Canada","Elements of Real-World Data/Evidence Quality throughout the Prescription Drug Product Life Cycle",2019,"https://www.canada.ca/en/services/health/publications/drugs-health-products/real-world-data-evidence-drug-lifecycle-report.html","Health Canada. (2019). *Elements of Real World Data/Evidence Quality throughout the Prescription Drug Product Life Cycle*. Health Canada."
"12344f28-e482-4b30-9671-c84c4d94dbda","460_d14_8_platform_v2_exec_summary_website.pdf",,,,,,"van der Lei et al. (*EMIF Platform, version 3*)."
"5aefe59c-afee-4db4-bc78-c86b1c501e0f","461_d14.11_system-implementation-feedback-and-evaluation-report-4.pdf",,,,,,"Oliveira, J. L. (*System implementation feedback and evaluation report, iteration 4*)."
"942af2a5-4c75-438c-bb28-df7e90d6c99a","462_d15_5_draft_business_plan_exec_summary_website.pdf",,,,,,"van der Lei & Hughes. (2017). *EMIF Deliverable 15.5: Business Plan*."
"fd58f32e-7bb1-4a5b-8518-a7e719347907","463_d15.7_final-business-plan.pdf",,,,,,"EMIF. (*Final Business Plan*)."
"b43dee9a-5c19-4ac7-bbb2-42957dbe8a27","464_d15.8_final-report-on-outreach-activities.pdf",,,,,,"EMIF. (*Final report on outreach activities: leveraging with related initiatives, contacts with external data sources and with key stakeholders*)."
"604d33f1-f1ae-4355-ae5b-5cba49d1c80d","465_d16_1_operational_portal_exec_summary_website.pdf",,,,,,"Sage, C. (*EMIF Deliverable 16.1: Operational portal to allow internal team information dissemination, team collaboration, and team document storage*)."
"bd52099d-6778-45ea-9ee9-962816ecb4ae","466_d16_2_templates_dissemination_exec_summary_website.pdf",,,,,,"EMIF. (*Templates for dissemination materials*)."
"2ed364f2-76b3-4ee9-af84-8a501ad984fb","467_d16_4_communication_plan_exec_summary_website.pdf",,,,,,"IMI. (*EMIF Deliverable 16.4: Communication Plan*). Innovative Medicines Initiative."
"8d7e5bdf-1787-48dd-959d-138ef624fd55","468_d16_5_project_handbook_exec_summary_website.pdf",,,,,,"IMI JU. (*EMIF Project Handbook*). Innovative Medicines Initiative Joint Undertaking."
"6c7fe2d8-81af-4543-ac60-615c5a62f7b8","469_Data_and_analysi_platform_architecture.pdf",,,,,,"IDERHA Consortium. (2024). *Data and analysis platform architecture (incl. different data sources and data types support)*."
"f32a3c94-3c38-4571-bd7b-a95f3d709eee","46_MG0020-RWE-Guidance-Report-Secured.pdf","Canada","CADTH","Guidance for reporting Real-World Evidence",2023,"https://www.cda-amc.ca/sites/default/files/RWE/MG0020/MG0020-RWE-Guidance-Report-Secured.pdf","CADTH. (2022). *Guidance for Reporting Real-World Evidence*. CADTH."
"d872dac1-c498-44c5-a023-39b98e69a748","470_d16_6_dissemination_process_exec_summary_website.pdf",,,,,,"EMIF. (*Guidance document for EMIF Scientific Publications*)."
"7330265a-b424-4fab-ae00-6b474686c946","471_d16_10_risk_overview_v1_exec_summary_website.pdf",,,,,,"EMIF. (*Detailed project and risk plans for WP1 -15*)."
"72e2ed0b-3ffd-4908-a1c8-a2b5260b4b75","472_d16_11_risk_overview_v2_exec_summary_website.pdf",,,,,,"EMIF. (*Updated project and risk plans for WP1 -15*)."
"e887255c-f4b6-4793-9689-1d6b9373906c","473_d16_12_annual_report_year1_exec_summary_website.pdf",,,,,,"IMI. (*EMIF Deliverable 16.12: Technical and Financial Annual Reports #1*). Innovative Medicines Initiative."
"8c2c414d-fd98-42ee-bea2-d1f05e6b98b2","474_d16_13_annual_report_year2_exec_summary_website.pdf",,,,,,"IMI. (*EMIF Deliverable 16.13: Technical and Financial Annual Reports #2*). Innovative Medicines Initiative."
"5f85a203-86cf-4237-8c2a-7cbc0f4b13a7","475_d16_14_interim_assessment_project_exec_summary_website.pdf",,,,,,"IMI. (2015). *EMIF Deliverable 16.14: Interim Assessment of the Project*. Innovative Medicines Initiative."
"1d862ec8-cac8-4d4a-8bc5-fa7934d057b6","476_d16_15_annual_report_year3_exec_summary_website.pdf",,,,,,"IMI. (*Technical and Financial Annual Reports #3*). Innovative Medicines Initiative."
"2605c0e1-bc22-4523-ae3b-069bea9a5ce4","477_SUSTAIN-HTA_D1.1_Taxonomy-report.pdf",,,,,,"Elayan et al. (2024). *D1.1 Taxonomy report: SUSTAIN-HTA Support Utilisation of Sustainable and TAilored INnovative methods for HTA*."
"9095dbb1-dcac-422a-8fc1-0f8892e4e7b4","478_SUSTAIN-HTA_D1.2_IdentificationSynthesisPrioritisation.pdf",,,,,,"SUSTAIN-HTA Consortium. (2024). *First Yearly Methodological Needs Overviews*. European Health and Digital Executive Agency."
"e8c200ad-6da7-4358-9b83-100d0b44128d","479_Analysis_current_emerging_policies_data_access-sharing.pdf",,,,,,"IDERHA. (2023). *Analysis of current and emerging policies for data access/sharing, research use and transparency requirements*."
"f0d65ba6-773c-41a3-8cee-7ede44887aa2","47_MG0020-Final-Checklist-e.pdf","Canada","CADTH","Checklist for reporting Real-World Evidence",2023,"https://www.cda-amc.ca/guidance-reporting-real-world-evidence","CADTH. (2023). *Checklist for Reporting Real-World Evidence*. CADTH."
"396ce811-ab07-45a0-920e-5efaf5247bfa","480_D4.5_Authorized_access_Agreements_with_European_Medical_Data_Pools.pdf",,,,,,"REALM Project. (2023). *Authorized access agreements with European Medical Data Pools and Digital Twins*."
"207c9bfc-6d4d-4925-9668-e92464f80eee","481_Epistemological Challenges of Artificial Intelligence Clinical Decision.pdf",,,,,,"Babu, C. S., Holsinger, F. C., Zuchowski, L., Ratti, E., & Rameau, A. (2023). *Epistemological Challenges of Artificial Intelligence Clinical Decision Support Tools in Otolaryngology: The Black Box Problem*. Otolaryngology -Head and Neck Surgery"
"e9ee265e-17fa-4115-839d-2b2f2ab031ee","482_Generative_al_for_Synthetic_Data_Across_Multiple_Medical_Modalities.pdf",,,,,,"Ibrahim et al. (2023). *Generative AI for Synthetic Data Across Multiple Medical Modalities: A Systematic Review of Recent Developments and Challenges*."
"53f37b02-0378-41ff-8214-decb540427bd","483_Using_generative_artificial_intelligence_in_the_production_and_dissemination.pdf",,,,,,"Khoury et al. (2024). *Using Generative Artificial Intelligence in the Production and Dissemination of Innovation in Otolaryngology - Ethical Considerations*. Otolaryngology–Head and Neck Surgery."
"09c56771-e209-4d12-a84d-b58136764c32","484_Science_and_values_a_two_way_direction.pdf",,,,,,"Ratti, E., & Russo, F. (2024). *Science and values: a two-way direction*."
"1e748c50-90b5-41bc-9257-e262373eb9d1","485_What Do We Teach to Engineering Students Embedded Ethics, Morality, and Politics.pdf",,,,,,"Ferdman, A., & Ratti, E. (2024). *What Do We Teach to Engineering Students: Embedded Ethics, Morality, and Politics*."
"1661a414-1748-4855-950b-16a7e12d6e9c","486_Introducing SPINE_A Holistic Approach to Synthetic Pulmonary Imaging Evaluation.pdf",,,,,,"Ntampakis et al. (2024). *Introducing SPINE: A Holistic Approach to Synthetic Pulmonary Imaging Evaluation Through End-to-End Data and Model Management*. IEEE Open Journal of the Engineering of Medical Biology."
"f67c3355-1967-4bfa-89a7-a8493b1aaa61","487_WP1_Development of novel analytical tools.pdf",,,,,,"More-EUROPA Project. (2024). *Report on evidence needs defined by stakeholders across the lifecycle of medicinal products*."
"bea4c7d1-3250-4b76-994a-c54b7ee961d5","488_WP2_Establishing RWD accessibility and usefulness.pdf",,,,,,"Svenningsson A et al. (2022). *Safety and efficacy of rituximab versus dimethyl fumarate in patients with relapsing-remitting multiple sclerosis or clinically isolated syndrome in Sweden: a rater-blinded, phase 3, randomised controlled trial*. The Lancet Neurology."
"9234fd08-27e9-4b30-8011-0758c2db6370","489_Report_Global_Regulatory_Best_Practices_Analysis.pdf",,,,,,"IDERHA. (2024). *D6.2 Report on Global Regulatory Best Practices: A scoping review of HTA and Regulatory RWD/RWE policy documents*. European Innovative Health Initiative."
"1c08402d-e91a-410d-816d-915c76712c38","48_real-world_studies_for_the_assessment_of_medicinal_products_and_medical_devices.pdf","France","HAS","Real-world studies for the assessment of medicinal products and medical devices (Pharmaceutical companies and contract research organisations)",2021,"https://www.has-sante.fr/upload/docs/application/pdf/2021-10/real-world_studies_for_the_assessment_of_medicinal_products_and_medical_devices.pdf","HAS. (2021). *Health Technologies Methodological Guide: Real-world studies for the assessment of medicinal products and medical devices*. Haute Autorité de santé."
"b2dfd918-bd32-4637-ba40-8a464e421a2c","490_WP3_Identifying and screening suitable registries. Report on the state of the art and unmet needs.pdf",,,,,,"More-EUROPA Project. (2023). *Report on the state of the art and unmet needs (Task 3.1)*."
"07b6e7d8-6ba6-4f20-9fcf-3e01aafae397","491_D3.2 – Guidelines and specifications for the screening tool.pdf",,,,,,"More-EUROPA Project. (2024). *Guidelines and specifications for the screening tool (Task 3.1)*."
"adbce6a5-f5ca-4300-bf49-eace7bc80e31","492_D3.3_Registries identification_machine_learning_tool.pdf",,,,,,"More-EUROPA Consortium. (2024). *Registries identification machine learning tool*."
"653c2e66-0220-4abb-8d91-e6c9b4bb86e2","493_WP5_D5.1 Dissemination and Exploitation plan.pdf",,,,,,"More-EUROPA Consortium. (2023). *Dissemination & Exploitation Plan: More effective and ethical use of registry data to support patient centered regulatory and health technology assessment decisionmaking*."
"e67bf247-d678-45cf-afac-a681f7b64c10","494_WP5_Dissemination_D5.8_Stakeholder_kikc-of.pdf",,,,,,"More-EUROPA Project. (2023). *D5.8 - Stakeholder kick-off*."
"4630cff8-9992-4ec7-b543-bafe9a6eebc7","495_s12961-025-01287-y.pdf",,,,,,"Peltner et al. (2025). *The EU project Real4Reg: unlocking real-world data with AI*."
"7131936a-2773-4306-9048-479cee0323a6","496_Supplementing Single‐Arm Trials with External Control Arms Evaluation of.pdf",,,,,,"Russek et al. (2024). *Supplementing Single-Arm Trials with External Control Arms-Evaluation of German Real-World Data*."
"6724bd41-b93b-4d9a-9c3d-87c5e040cb70","497_D5.1_State-of-the-art techniques for restrospective observational studies.pdf",,,,,,"REDDIE Consortium. (2022). *State-of-the-art techniques for retrospective observational studies and data-driven simulation and data preprocessing*."
"11924db1-0f89-4c35-bb9f-216e7d216d20","498_Consensus_Policy_Recommendations_For_Data-sharing.pdf",,,,,,"IDERHA. (2025). *Consensus policy recommendations for data-sharing, access and use governance policies*. IDERHA Project."
"cd5ab722-cbe1-44f4-88b9-ed1e7b970a12","499_Comparing_propensity_Score-Based Methods in Estimating the Treatment Effects.pdf",,,,,,"Poletto et al. (2022). *Comparing Propensity Score-Based Methods in Estimating the Treatment Effects: A Simulation Study*."
"af105b75-66b5-4bc0-b0c3-fe88dbf8e67a","49_guide_methodology_for_the_clinical_development_of_md.pdf","France","HAS","Methodology for the Clinical Development of Medical Devices",2021,"https://www.has-sante.fr/upload/docs/application/pdf/2021-09/guide_methodology_for_the_clinical_development_of_md.pdf","HAS. (2021). *Methodology for the clinical development of medical devices*. Haute Autorité de Santé."
"3cfa259c-8eca-401a-be27-875d3e24d7c9","4_Real-World-Evidence-Support-Regulatory-Decision-2023.pdf","USA","FDA","Use of Real-World Evidence to Support Regulatory Decision-Making for Medical Devices (Industry and Food and Drug Administration Staff)",2023,"https://www.fda.gov/media/174819/download","FDA. (2023). *Use of Real-World Evidence to Support Regulatory Decision-Making for Medical Devices*. U.S. Food and Drug Administration."
"e3de7aec-1877-4ee4-a3f2-c3a2a27efb8c","500_Standard and report for the collection and analytics for Qol data.pdf",,,,,,"ONCOVALUE Project. (2024). *Standard and report for the collection and analytics for QoL data: WP1 - Guidelines, standards, and SOPs for RWD collection based on fully structured data*. European Union."
"97348630-61a9-449d-afb1-930f7ec64dfd","501_Specification of the open API for accessing the data network.pdf",,,,,,"Ahonen-Bishopp et al. (2024). *Specification of the open API for accessing the data network*."
"fcdf337a-0e3c-45c3-ac69-7650c223f583","502_Report and summary of the guidelines and SOPs for structurred data.pdf",,,,,,"Samu Ernen, Juho Lhteenmaa, & Cecilie Ane Koefoed-Nielsen. (2024). *Report and summary of the Guidelines and SOPs for structured data: WP1 - Guidelines, standards, and SOPs for RWD collection based on fully structured data*."
"c43e6f0c-60be-4148-96c0-264f25763014","503_Stakeholder analysis.pdf",,,,,,"CTECH. (2024). *Stakeholder analysis: WP7 - Dissemination, exploitation and sustainability of the project outcomes*."
"e292cd3c-c4ff-4a98-96a7-f5d9ed4d93c5","504_The Real-World Evidence Workstreamin Eurecca 2025.pdf",,,,,,"Value Health. (2023). *The Real-World Evidence Workstream in EUreccA 2025: How the Task Was Addressed*. Value Health."
"fe013585-50c9-4790-8bc6-03c5a10186ef","505_Data Governance for Real-World Data Management. A proposal for a checklist to support Decision Making.pdf",,,,,,"Solà-Morales, O., Sigurðardóttir, K., Akehurst, R., Murphy, L. A., Mestre-Ferrandiz, J., Cunningham, D., & de Pouvourville, G. (2023). *Data Governance for Real-World Data Management: A Proposal for a Checklist to Support Decision Making*. Value in Health."
"4a8992df-da74-47a0-8512-c5be67e8fd18","506_Structure_and_content_of_a_taxonomy_to_support_the_use_of_real-world_evidence.pdf",,,,,,"Murphy, L. A., Akehurst, R., Solà-Morales, O., Cunningham, D., Mestre-Ferrandiz, J., Franklin, M., & de Pouvourville, G. (2023). *Structure and Content of a Taxonomy to Support the Use of Real-World Evidence by Health Technology Assessment Practitioners and Healthcare Decision Makers*. Value in Health."
"9d0fe5af-37dc-415e-aeeb-c272e0d12046","507_Across-Country Variations of Real-World Data and Evidence for Drugs.pdf",,,,,,"de Pouvourville, G., Cunningham, D., Fricke, F.-U., Lindgren, P., Mantovani, L., Murphy, L. A., Solà-Morales, O., Mestre-Ferrandiz, J., & Akehurst, R. (2023). *Across-Country Variations of Real-World Data and Evidence for Drugs: A 5-European-Country Study*. Value in Health."
"475ac5ea-f152-4db1-9576-ccdb134dea74","508_Using Real-World Data in the Health Technology Assessment of Pharmaceuticals.pdf",,,,,,"Akehurst et al. (2023). *Using Real-World Data in the Health Technology Assessment of Pharmaceuticals: Strengths, Difficulties, and a Pragmatic Way Forward*. Value in Health."
"35c92ad2-aac1-4fb8-8aa2-ed1b9fd72e07","509_D.1.1_Specification_data_sets_quality_utility_label.pdf",,,,,,"European Commission. (2024). *Specification of the data sets' quality and utility label*. European Commission."
"3e3c7e77-c4a9-4048-b402-af80adb2ae0b","50_can-requests-for-real-world-evidence-by-the-french-hta-body-be-planned-an-exhaustive-retrospective-case-control-study-of-medicinal-products-appraisal.pdf","France","HAS","Can requests for real-world evidence by the French HTA body be planned? An exhaustive retrospective case–control study of medicinal products appraisals from 2016 to 2021",2024,"https://www.cambridge.org/core/journals/international-journal-of-technology-assessment-in-health-care/article/can-requests-for-realworld-evidence-by-the-french-hta-body-be-planned-an-exhaustive-retrospective-casecontrol-study-of-medicinal-products-appraisals-from-2016-to-2021/6F6C982F2F9BD35C57BCBDAD248A2430","Fernandez, J., Babin, C., Thomassin, C., Pelon, F., Kelley, S., Cochat, P., Galbraith, M., Berdaï, D., Pariente, A., Salvo, F., & Vanier, A. (2024). *Can requests for real-world evidence by the French HTA body be planned? An exhaustive retrospective case -control study of medicinal products appraisals from 2016 to 2021*. International Journal of Technology Assessment in Health Care."
"08e961db-5052-4dca-ae7d-fe4a37c9d994","510_Use of real-world data and real world Evidence to support drug reinmbursement decision-making_asia.pdf",,,,,,"REALISE Working Group. (2020). *Use of Real-World Data and Real-World Evidence to Support Drug Reimbursement Decision-Making in Asia*."
"7f041a97-ceba-45b3-9bc6-8e68ed3673d7","512_Clin-Pharma-and-Therapeutics-2025-Kent-Planning-Post‐Launch-Evidence-Generation-Lessons-from-France-England-and.pdf",,,,,,"Kent et al. (2024). *Planning Post- Launch Evidence Generation: Lessons from France, England and Spain*."
"a6ecbad3-8a1d-4d78-9230-0dbda77bd4c0","513_can-we-use-existing-guidance-to-support-the-development-of-robust-real-world-evidence.pdf",,,,,,"Capkun, G., Corry, S., Dowling, O., Asad Zadeh Vosta Kolaei, F., Takyar, S., Furtado, C., Jónsson, P., Kleinermans, D., Lambert, L., Schiel, A., & Facey, K. (2022). *Can we use existing guidance to support the development of robust real-world evidence for health technology assessment/payer decision-making?*. International Journal of Technology Assessment in Health Care."
"fc6d7c9b-e167-4dcb-837e-e5d008d97b63","515_TRUST4RD – Tool for Reducing Uncertainties in the evidence generation for Specialized Treatments for Rare Diseases (J Article) (2020).pdf",,,,,,"Annemans et al. (2020). *TRUST4RD: tool for reducing uncertainties in the evidence generation for specialised treatments for rare diseases*."
"abbe1634-d838-455d-8899-8f5b05b35499","516_Roundtable-Report_WHO-NMP_RWE4Decisions_20Feb.pdf",,,,,,"WHO. (2025). *Principles for Managed Entry Agreements (MEAs)*. World Health Organization."
"264b871e-89e8-4052-b3aa-ef2415796515","517_Roundtable-Report_12-September-2024_RWE4Decisions-1.pdf",,,,,,"RWE4Decisions. (2024). *Roundtable Report - 12 September 2024 Post-Launch Evidence Generation (PLEG): Learnings from Italy, Germany, and the French DESCAR-T Registry*. RWE4Decisions."
"929fa1e4-3c3b-47e2-b4c3-afbe959a08e1","51882796fnl_M14 General Principles, Planning, Designing, Analyzing, and Reporting of Non-interventional Studies.pdf",,,,,,"ICH. (2026). *M14 General Principles on Planning, Designing, Analyzing, and Reporting of Non-interventional Studies That Utilize Real-World Data for Safety Assessment of Medicines Guidance for Industry*. U.S. Food and Drug Administration."
"7ffa069a-95f2-40df-bf18-bf0826053db6","518_RWE4Decisions_Roundtable-on-PLEG_Report_21-September-2023-1.pdf",,,,,"https://rwe4decisions.com/wp-content/uploads/2025/08/RWE4Decisions_Roundtable-on-PLEG_Report_21-September-2023-1.pdf","RWE4Decisions. (2023). *Co-Creating Real-World Evidence for Decision-Making RWE4Decisions Roundtable Report - September 2023 Post Launch Evidence Generation*. RWE4Decisions."
"b51289ba-4f7b-48c1-8815-2e555c443ee5","519_RWE4Decisions workshop report 2021 – Implementing Outcomes Based Managed Entry Agreements – 10 Actions (Report) (2021).pdf",,,,,"https://rwe4decisions.com/wp-content/uploads/2025/08/RWE4Decisions-workshops-2021-report-final.pdf","Facey K, van de Casteele M, de Cock J, Kleinermans D on behalf of the RWE4Decisions initiative. (2021). *Generating Real-World Evidence in Outcomes-Based Managed Entry Agreements: Two Fictitious Case Studies - Workshops Report*."
"d4ae2152-787e-4d69-9440-2f5cef22f220","520_D.1.2_Deliverable_specification_assessment_data_holders_maturity.pdf",,,,,"https://doi.org/10.5281/zenodo.14795416","European Commission. (2024). *Specification for the assessment of data holders´ maturity*. European Commission."
"18a8a83a-c739-43bd-bcb5-89b178dcd96d","521_ Towards Establishing an EU Real-World Evidence Generation Action Plan for Better Healthcare Systems & Patient Outcomes (Report) (2021).pdf",,,,,"https://rwe4decisions.com/wp-content/uploads/2025/08/24-November-2021-Conference-Report_RWE4Decisions-1.pdf","RWE4Decisions. (2021). *Towards Establishing an EU Real-World Evidence Generation Action Plan for Better Healthcare Systems & Patient Outcomes*. Belgian National Institute for Health and Disability Insurance (INAMI-RIZIV)."
"4551e495-17da-4c97-8a7d-caa3f73ebdd8","522_ The Use of Real-World Evidence for Decision-Making. Next Steps to Develop HTA Guidance (Report) (2021).pdf",,,,,"https://rwe4decisions.com/wp-content/uploads/2025/08/27-October-2021-Webinar-Report_RWE4Decisions-1.pdf","RWE4Decisions. (2021). *The Use of Real-World Evidence for Decision-Making: Next Steps to Develop HTA Guidance*. RWE4Decisions."
"8bba0a0d-fe7b-4162-8d09-3fcdf359270b","523_Delivering a Health Data Strategy for the European Reference Networks. Developing a Shared Vision with All Stakeholders (Report) (2021).pdf",,,,,"https://rwe4decisions.com/wp-content/uploads/2025/08/29-September-2021-Webinar-Report_RWE4Decision-1.pdf","RWE4Decisions. (2021). *Delivering a Health Data Strategy for the European Reference Networks: Developing a Shared Vision with All Stakeholders*. RWE4Decisions."
"4369eb17-1594-4d1f-9b66-37605ef7c75a","524_Co-Creating Real-World Evidence Excellence for Decision-Making..pdf",,,,,"https://rwe4decisions.com/wp-content/uploads/2025/08/22-April-2021-Webinar-Report_RWE4Decisions-1.pdf","RWE4Decisions. (2021). *Co-Creating Real-World Evidence Excellence for Decision-Making: Meeting Regulatory and HTA/Payer Needs*. RWE4Decisions."
"c4f54217-bb8f-4435-9bff-8df72e67b1ae","525_the European Health Data Space and Real-World Evidence  (Report) (2021).pdf",,,,,,"INAMI-RIZIV. (2020). *RWE4Decisions launches call for a Multi-stakeholder Learning Network on Real-World Evidence within the European Health Data Space*. INAMI-RIZIV."
"16a43f80-b0c7-4bf9-8fa3-962416e5ee7e","526_Agile Scientific Consultation Process (Report) (2020).pdf",,,,,,"RWE4Decisions. (2020). *RWE4Decisions Case Study Workshops Key Learnings*."
"4cdfc164-23d0-422f-a006-0b1bb40d2416","527_Outcomes_based_pricing_and_reimbursement_of_innovative_medicines.pdf",,,,,,"European Commission. (2017). *Outcomes based pricing and reimbursement of innovative medicines with budgetary limitations*. European Commission."
"e6972efe-a1e9-4f0d-83ff-3a020d54ce9e","528_ The use of RWD throughout an innovative medicine’s lifecycle (Report) (2016).pdf",,,,,,"Annemans, L. (2015). *The use of real world data throughout an innovative medicine's lifecycle*."
"1db95084-6d3f-498b-9d18-2bc01540a7da","529_CTTI Recommendations. use of real-world data to Plan Eligilility criteria_2019.pdf",,,,,,"CTTI. (2019). *Use of Real-World Data to Plan Eligibility Criteria and Enhance Recruitment*. Clinical Trials Transformation Initiative."
"9d67bb5f-8708-457a-8d8b-ff5b8a727dcd","52_Positionspapier RWE_EN.pdf","Switzerland","SwissMedic","Expansion of the Swissmedic position paper on real world evidence",2025,"https://www.swissmedic.ch/swissmedic/en/home/humanarzneimittel/authorisations/information/erweiterung-positionspapier-rwe.html","Swissmedic. (2025). *Swissmedic position paper on the use of real world evidence*. Swissmedic."
"f36a3a11-8579-4436-8934-11e7b90782ef","530_D.4.1_Stakeholder_learning_assessment_mapped_learning_objectives.pdf",,,,,,"European Commission. (2024). *Stakeholder learning needs assessment mapped to learning objectives*. European Commission."
"0065270b-ea09-41a1-a86e-e107f2de92ed","531_EvaluatingFeasibility of RWD-SupportedRecruitment.pdf",,,,,,"EMA. (null). *Evaluating Feasibility of RWD-Supported Recruitment*. European Medicines Agency."
"9e54ec55-1105-4226-8818-7b984e95b120","532_Effective RWD-Supported Discussions of Eligibility Criteria.pdf",,,,,,"CTTI. (*Effective RWD-Supported Discussions of Eligibility Criteria*)."
"5e9981cc-d41b-4cc6-8728-87d504ac5c63","533_EvaluatingWhetherRWD Is Suitable for Planning Eligibility Criteria.pdf",,,,,,"FDA. (*Evaluating Whether RWD Is Suitable for Planning Eligibility Criteria and Supporting Recruitment*). U.S. Food and Drug Administration."
"019a9d03-900d-4d38-bc20-d73bacdc4e57","534_Establishing Use of RWD as a Standard Process in Study Planning.pdf",,,,,,"FDA. (n.d.). *Establishing Use of RWD as a Standard Process in Study Planning and Recruitment*. U.S. Food and Drug Administration."
"08d435b8-5ba2-4ceb-a7cc-15d9ee70d433","535_Planning RWD-Supported Recruitment Strategies.pdf",,,,,"https://ctti-clinicaltrials.org/wp-content/uploads/2021/06/CTTI_RWD_Recruitment_Strategy_Resource.pdf","CTTI. (*Planning RWD-Supported Recruitment Strategies*). Clinical Trials Transformation Initiative."
"dd6aaedc-da1b-4028-a67b-cae55683de8e","536_Case Study_Using Real-World Data to Solve Mid-Study recruitment challenges.pdf",,,,,"https://ctti-clinicaltrials.org/wp-content/uploads/2021/06/CTTI_RWD_Breast_Cancer_Case_Study.pdf","CTTI. (*Recommendations on Use of Real-World Data to Plan Eligibility Criteria and Enhance Recruitment*). Clinical Trials Transformation Initiative."
"19916682-6d86-4c22-83be-68bb8076f1b7","537_Case Study. Using Real-World Data to Expand Eligibility Criteria.pdf",,,,,"https://ctti-clinicaltrials.org/wp-content/uploads/2021/06/CTTI_RWD_Endocrinology_Case_Study.pdf","CTTI. *Recommendations on Use of Real-World Data to Plan Eligibility Criteria and Enhance Recruitment*."
"097c341f-f3cb-49a4-8a93-4d7b68fb6249","538_Case Study_Using Real-World Data to Expand Eligibility Criteria.pdf",,,,,"https://ctti-clinicaltrials.org/about/ctti-projects/real-world-data/ctti-recommendations-use-of-real-world-data-to-plan-eligibility-criteria-and-enhance-recruitment/","CTTI. (2013). *CTTI's Recommendations on Use of Real-World Data to Plan Eligibility Criteria and Enhance Recruitment*."
"b0746ed3-db19-4184-9cae-a1d965d67779","539_Real-World Data for Planning Eligibility Criteria and Enhancing Recruitment_Recommendations from the Clinical Trials Transformation Initiative.pdf",,,,,"https://doi.org/10.1007/s43441-020-00248-7","Evans, S. R., Paraoan, D., Perlmutter, J., Raman, S. R., Sheehan, J. J., & Hallinan, Z. P. (2021). *Real-World Data for Planning Eligibility Criteria and Enhancing Recruitment: Recommendations from the Clinical Trials Transformation Initiative*."
"2afa75f6-abb7-4420-9121-b893de5ce89e","53_presentation-real-world-data-rwd-quality-and-experience-danish-national-health-registers-s-knudstrup-k-holt-nielsen-danish-health-data-authority_en.pdf","Denmark","Multi-stakeholder","Real World Data (RWD) quality and experience Danish national health registers",2023,"https://www.ema.europa.eu/en/documents/presentation/presentation-real-world-data-rwd-quality-and-experience-danish-national-health-registers-s-knudstrup-k-holt-nielsen-danish-health-data-authority_en.pdf","Danish Health Data Authority. (n.d.). *Danish Health Data*. Danish Health Data Authority."
"e6b775b6-6ccf-43a1-86c3-35fdcd8a61e7","540_Operational Tools and Best Practices to Support Electronic Health Record.pdf",,,,,"https://healthpolicy.duke.edu/sites/default/files/2025-02/Operational%20Tools%20and%20Best%20Practices%20to%20Support%20Electronic%20Health%20Record.pdf","D'Ambrosio et al. (2024). *Operational Tools and Best Practices to Support Electronic Health Record-Sourced Data Quality, Relevance, and Reliability at the Data Accrual Phase*. Duke-Margolis Institute for Health Policy."
"5dcc1734-1a87-4027-8f3e-d68fbc2404dc","541_D3.1_Node_mapping_TRLs.pdf",,,,,"https://doi.org/10.5281/zenodo.7993766","Trefois, C. & Arenas, J. (2023). *Node mapping to TRLs*."
"c889b22a-a2d4-4cf0-b158-6f6a1f310433","542_Applying Real-World Data and Real-World Evidence for Accelerated Approvals and Coverage Decisions (White paper) (2024).pdf",,,,,"https://healthpolicy.duke.edu/sites/default/files/2024-07/RWD%20RWE%20for%20Accelerated%20Approvals%20and%20Coverage.pdf","Emmott et al. (2023). *Applying Real-World Data and Real-World Evidence for Accelerated Approvals and Coverage Decisions*."
"ae93f55e-4fc4-473e-a38c-d049db560ca9","543_Real-World Evidence to Support Causal Inference. Methodological Considerations for Non-Interventional Studies.pdf",,,,,"https://healthpolicy.duke.edu/sites/default/files/2024-06/RWE%20Support%20Causal%20Inference.pdf","Duke-Margolis Institute for Health Policy. (2024). *Real-World Evidence to Support Causal Inference: Methodological Considerations for Non-Interventional Studies*."
"c7754840-2097-45ba-81ab-ecd4c8689738","544_Regulatory Fit-for-Purpose Considerations for Patient-Generated Health Data.pdf",,,,,"https://healthpolicy.duke.edu/sites/default/files/2024-06/Regulatory%20Fit-for-Purpose%20Considerations%20for%20Patient-Generated%20Health%20Data.pdf","Emmott et al. (*Regulatory Fit-for-Purpose Considerations for Patient-Generated Health Data*)."
"149b7594-90ae-4f43-9362-0822af5017a1","545_Lessons Learning Health Care Systems Recommendations Successful Implementation.pdf",,,,,"https://healthpolicy.duke.edu/sites/default/files/2023-10/Lessons%20Learning%20Health%20Care%20Systems%20Recommendations%20Successful%20Implementation.pdf","Locke et al. (2022). *Lessons from Learning Health Care Systems and Recommendations for Successful Implementation*. Duke-Margolis Center for Health Policy."
"48458d7c-c75a-4c72-936b-7843401f7e82","546_Harnessing Potential RWE Master Protocols.pdf",,,,,"https://healthpolicy.duke.edu/sites/default/files/2023-09/Harnessing%20the%20Potential%20of%20Real%20World%20Evidence%20Master%20Protocols.pdf","Duke-Margolis Center for Health Policy. (2023). *Harnessing the Potential of Real-World Evidence Master Protocols*."
"48ef4db8-d3af-4448-a4e6-75d1e811bb5c","547_Improving Patient Subgroup Representation with Real World Data.pdf",,,,,"https://healthpolicy.duke.edu/sites/default/files/2023-09/Improving%20Patient%20Subgroup%20Representation%20with%20Real%20World%20Data.pdf","Emmott et al. (2022). *Improving Patient Subgroup Representation with Real-World Data*. Duke-Margolis Center for Health Policy."
"a407a89d-8740-40b5-9e99-22755fb4c420","548_FDA User Fee Reauthorization and the Value of Real-World Evidence..pdf",,,,,"https://healthpolicy.duke.edu/sites/default/files/2022-10/FDA%20User%20Fee%20Reauthorization%20and%20the%20Value%20of%20Real-World%20Evidence..pdf","Aten et al. (2022). *FDA User Fee Reauthorization and the Value of Real-World Evidence*. Duke-Margolis Center for Health Policy."
"5a65ea60-a105-433c-a135-9b009bb91884","549_RWE Aligning Shared Evidentiary Needs.pdf",,,,,"https://healthpolicy.duke.edu/sites/default/files/2022-07/RWE%20Aligning%20Shared%20Evidentiary%20Needs.pdf","Duke-Margolis Center for Health Policy. (2021). *Aligning Shared Evidentiary Needs among Payers and Regulators for a Real-World Data Ecosystem*."
"788a43d1-6c20-450a-827b-cedf20cf67d5","54_MHRA guidance on the use of real-world data in clinical studies to support regulatory decisions - GOV.UK.pdf","UK","MHRA","MHRA guidance on the use of real-world data in clinical studies to support regulatory decisions (those developing evidence to inform NICE guidance, patients, those collecting data, and reviewers of evidence)",2025,"https://www.gov.uk/government/publications/mhra-guidance-on-the-use-of-real-world-data-in-clinical-studies-to-support-regulatory-decisions/mhra-guidance-on-the-use-of-real-world-data-in-clinical-studies-to-support-regulatory-decisions","MHRA. (2025). *MHRA guidance on the use of real-world data in clinical studies to support regulatory decisions*. Medicines and Healthcare products Regulatory Agency."
"715fef4b-108d-45cb-bcf8-16517a869c6f","550_Point-of-Care Clinical Trials Intergrating Research Care Delivery.pdf",,,,,"https://healthpolicy.duke.edu/sites/default/files/2022-05/Point-of-Care%20Clinical%20Trials%20Intergrating%20Research%20Care%20Delivery.pdf","Duke-Margolis Center for Health Policy. (2021). *Point-of-Care Clinical Trials: Integrating Research and Care Delivery*."
"39503f1d-6f39-4012-85c6-b308902e4121","551_Cures 2.0 Shared Evidence Data Infrastructure_0.pdf",,,,,"https://healthpolicy.duke.edu/sites/default/files/2021-10/Cures%202.0%20Shared%20Evidence%20Data%20Infrastructure_0.pdf","Locke et al. (2023). *Building a Modern Health Data Infrastructure: Cures 2.0 Act Provisions on Real-world Evidence and Federal Agency Communication*."
"b50fa86f-05b4-4328-8f43-2a9b6c35abc1","552_D3.2 Node deployment roadmap.pdf",,,,,"https://doi.org/10.5281/zenodo.10688135","European Genomic Data Infrastructure. (2024). *Node deployment roadmap*."
"ef8aa61c-03d9-4f80-a395-ad263bf10dc3","553_2025-01-20-tehdas2-milestone-5.3.pdf",,,,,"https://nationalebibliotheek.nictiz.nl/assets/uploads/2025/01/2025-01-20-tehdas2-milestone-5.3-1.pdf","TEHDAS2 Consortium. (2025). *Technical specification on the national metadata catalogue*. TEHDAS2 Consortium."
"bb14c7f2-8d32-4639-a3e9-e7b31111a974","554_A_Roadmap_for_developing_study-endpoints_in_Real-World_Setting.pdf",,,,,"https://healthpolicy.duke.edu/sites/default/files/2020-08/Real-World%20Endpoints.pdf","Duke-Margolis Center for Health Policy. (2020). *A Roadmap for Developing Study Endpoints in Real-World Settings*."
"82a8ab25-3b5e-4168-a356-e885a9ee456d","555_Adding Real-World Evidence to a totality of evidence approach for evaluating marketed product Effectiveness.pdf",,,,,"https://healthpolicy.duke.edu/sites/default/files/2020-08/Totality%20of%20Evidence%20Approach.pdf","Duke-Margolis Center for Health Policy. (2019). *Adding Real-World Evidence to a Totality of Evidence Approach for Evaluating Marketed Product Effectiveness*."
"23f63b8e-ce41-4c9d-8d58-0e44bc8a1df0","556_Understanding the Need for Non-Internventional studies using secondary data to generate real-world evidence.pdf",,,,,"https://healthpolicy.duke.edu/sites/default/files/2020-08/Non-Interventional%20Study%20Credibility.pdf","Duke-Margolis Center for Health Policy. (2019). *Understanding the Need for Non-Interventional Studies Using Secondary Data to Generate Real-World Evidence for Regulatory Decision Making, and Demonstrating Their Credibility*."
"c608a3a7-164b-4e97-b09f-4594479c3421","557_Determining Real-World Data’s fitness for use and the role of reliability.pdf",,,,,"https://healthpolicy.duke.edu/sites/default/files/2019-11/rwd_reliability.pdf","Duke-Margolis Center for Health Policy. (2019). *Determining Real-World Data's Fitness for Use and the Role of Reliability*."
"4160425a-4c74-412b-8750-3fe44d465429","558_Current State and Near-Term Priorities for al-enabled diagnostic support software.pdf",,,,,"https://healthpolicy.duke.edu/sites/default/files/2019-11/dukemargolisaienableddxss.pdf","Nundy et al. (2019). *Current State and Near-Term Priorities for AI-Enabled Diagnostic Support Software in Health Care*."
"4f9bedae-f704-491b-800d-4382795c5b15","559_Characterizing RWD for Regulatory Use.pdf",,,,,"https://healthpolicy.duke.edu/sites/default/files/2020-03/characterizing_rwd.pdf","Duke-Margolis Center for Health Policy. (2018). *Characterizing RWD Quality and Relevancy for Regulatory Purposes*."
"3304565f-815e-4d7c-a4b0-3da526be1f22","55_MHRA guideline on randomised controlled trials using real-world data to support regulatory decisions - GOV.UK.pdf","UK","MHRA","MHRA guideline on randomised controlled trials using real-world data to support regulatory decisions",2025,"https://www.gov.uk/government/publications/mhra-guidance-on-the-use-of-real-world-data-in-clinical-studies-to-support-regulatory-decisions/mhra-guideline-on-randomised-controlled-trials-using-real-world-data-to-support-regulatory-decisions","MHRA. (2025). *MHRA guideline on randomised controlled trials using realworld data to support regulatory decisions*. Medicines and Healthcare products Regulatory Agency."
"69b273a5-46a6-4995-b2e2-a03a197561b6","560_A framework for regulatory use of real-world evidence.pdf",,,,,"https://healthpolicy.duke.edu/sites/default/files/2020-08/rwe_white_paper_2017.09.06.pdf","Duke-Margolis Center for Health Policy. (*A Framework for Regulatory Use of Real-World Evidence*)."
"cbb310ae-0017-4366-90f7-fb6e644b7b5f","561_Implementing best practices on data generation and reporting of Mycobacterium tuberculosis in vitro assays within the ERA4TB consortium.pdf",,,,,"https://doi.org/10.1016/j.isci.2023.106411","van Wijk, R. C., et al. (2023). *Implementing best practices on data generation and reporting of Mycobacterium tuberculosis in vitro assays within the ERA4TB consortium*."
"8f4e9c45-165e-4897-a5b3-d35b6b69ec8f","562_D3.3 Infrastructure status report and updated roadmap.pdf",,,,,"https://doi.org/10.5281/zenodo.11550720","European Genomic Data Infrastructure (GDI). (2024). *Infrastructure status report and updated roadmap*."
"f3be18a7-a376-41a0-bc81-d87610896e26","563_D1.3 Instantiation of EU-based Drug Development.pdf",,,,,"https://ec.europa.eu/research/participants/documents/downloadPublic?documentIds=080166e5d1444661&appId=PPGMS","Carretero Pérez et al. (2020). *Instantiation of EU-based Drug Development Information Management (DDIM) system*."
"de6f9f60-3450-4469-9fd7-405284ea340b","564_D1.4 Initial standardized data templates for collection and reporting of clinical and preclinical data available to consortium members.pdf",,,,,"https://era4tb.org/wp-content/uploads/2022/02/ERA4TB_D1.4_Initial-Data-Standards_for-submission_WEB-1.pdf","O'Meara et al. (*Initial standardized data templates for collection and reporting of clinical and preclinical data available to Consortium members*)."
"81faa783-6772-4ede-b204-072874cd9adf","565_D1.6_Availability-of-existing-preclinical-and-clinical-TB-datasets-Interim-Report.pdf",,,,,"https://era4tb.org/wp-content/uploads/2022/02/ERA4TB_D1.6_Availability-of-existing-preclinical-and-clinical-TB-datasets-Interim-Report_2021-11-30_for-SUBMISSION-final_WEB.pdf","O'Meara et al. (2021). *Availability of existing preclinical and clinical TB datasets - Interim Report*."
"1a66da68-c1f5-4251-98a6-af02e5ef61e8","566_D1.8 Standardized templates for collection and reporting of clinical and preclinical data available to consortium members.pdf",,,,,"https://era4tb.org/wp-content/uploads/2022/02/ERA4TB_D1.8_Data-Standards-Interim-Report_v0.4_for-submission_WEB.pdf","O'Meara et al. (*Standardized templates for collection and reporting of clinical and preclinical data available to consortium members - Interim report*)."
"dc25562f-4849-4862-a71f-145f8eeac351","567_D1.10-First-Report-on-clinical-and-preclinical-datasets-standardized-and-integrated-into-the-DDIM.pdf",,,,,"https://era4tb.org/wp-content/uploads/2022/06/ERA4TB_D1.10-First-Report-on-clinical-and-preclinical-datasets-standardized-and-integrated-into-the-DDIM_submitted_WEB.pdf","O'Meara et al. (2022). *First Report on clinical and preclinical datasets standardized and integrated into the DDIM*."
"14376904-24ea-4714-ba89-5e25a05468f5","568_D1.12_Second-Report-on-clinical-and-preclinical-datasets-standardized-and-integrated-into-the-DDIM_V1.0.pdf",,,,,"https://era4tb.org/wp-content/uploads/2023/04/ERA4TB_D1.12_Second-Report-on-clinical-and-preclinical-datasets-standardized-and-integrated-into-the-DDIM_V1.0.pdf","Faizan et al. (2022). *Second Report on clinical and preclinical datasets standardized and integrated into the DDIM*."
"a1158f98-4974-455d-9b52-b742f3781b2a","569_D2.1 - A review of parametric model choice used to extrapolate RCT.pdf",,,,,"https://29fc9734-3e90-46b6-9e22-9a9705501c78.filesusr.com/ugd/e1a359_8c4d2cf80e8c4cb28c3eb2a4d044632d.pdf?index=true","Caro, J., McGuire, A., & Wood, M. (2018). *A review of parametric model choice used to extrapolate RCT outcomes*."
"6d720f25-10a0-4e9a-bc08-fd25b066ec0e","56_nice-realworld-evidence-framework-pdf-1124020816837.pdf","UK","NICE","NICE real-world evidence framework",2022,"https://www.nice.org.uk/corporate/ecd9/resources/nice-realworld-evidence-framework-pdf-1124020816837","NICE. (2022). *NICE real-world evidence framework*. National Institute for Health and Care Excellence."
"b08a4d34-6f71-4ef8-8619-3c631c9cffcf","570_D2.2_Validation of the DICE modelling thecnique against existing methods and speeding up execution of the simulation engine.pdf",,,,,"https://doi.org/10.3030/779312","McGuire, A. J., Woods, M., & Caro, J. J. *Improved methods and actionable tools for enhancing HTA: Deliverable 2.2 Validation of the DICE modelling technique against existing methods and speeding up execution of the simulation engine*."
"5c311f19-4e97-4903-b5f7-e2a43b518003","571_GUIDELINES FOR COST DEFINITIONS AND harmonization of cost accounting methodologies for economic evaluation.pdf",,,,,"https://doi.org/10.3030/779312","Espín et al. (2020). *Guidelines for Cost Definitions and Harmonization of Cost Accounting Methodologies for Economic Evaluation*."
"8e608b56-58b3-4bb2-8ddf-b40f03a6f9e1","572_Database with the initial core dataset of costs and the user manual .pdf",,,,,"https://doi.org/10.3030/779312","Espín et al. (2018). *Database with the initial core dataset of costs and the User Manual; Final version of the Guidelines; List of standard unit costs with country values*."
"5644654b-6159-47b2-b18c-30719fe18619","573_D4.1_Revising the methodological aspects applied to the identification, measurement and valuation of social costs in economic evaluations.pdf",,,,,"https://doi.org/10.3030/779312","Oliva et al. (*Revising the methodological aspects applied to the identification, measurement and valuation of social costs in economic evaluations*)."
"b9022582-7e27-4843-9bc7-0838e00c28b3","574_D4.2 How relevant is the societal perspective in economic evaluations Evidence from five case studies .pdf",,,,,"https://doi.org/10.3030/779312","Oliva et al. (2018). *How relevant is the societal perspective in economic evaluations? Evidence from five case studies*."
"01a201f3-7698-4fca-9b83-cf6730e89c0d","575_D4.3_Core dataset of social costs. Creating a database on unit costs in Europe of lost work time and the value of informal and formal care time of unit costs of health services.pdf",,,,,"https://doi.org/10.3030/779312","Rodríguez-Sánchez, B., Aranda-Reneo, I., Peña-Longobardo, L. M., Oliva-Moreno, J., López-Bastida, J., Hidalgo-Vega, Á., & Rodríguez-Martín, B. (2019). *Core dataset of social costs: Improved methods and actionable tools for enhancing HTA*."
"ad28bba2-f3f9-4843-bf6e-54cd7fe44265","576_D5.1_Value sets for the EQ-5D-Y in Germany, Slovenia and Spain and comparison of EQ-5D-Y value sets across countries.pdf",,,,,"https://doi.org/10.3030/779312","Kreimeier et al. (2022). *Improved methods and actionable tools for enhancing HTA: Report on value sets of EQ-5D-Y in Germany, Slovenia and Spain*."
"c40a3b5b-f8ce-4e29-8d27-fa168aa7f3e9","577_D5.2_Comparison of Q-5D-5L value sets from different disease area in 2 countries.pdf",,,,,"https://doi.org/10.3030/779312","Ludwig et al. (n.d.). *Report on comparison of EQ-5D-5L value sets from different disease areas in two countries (D5.2)*."
"2c13ba74-cdb6-4be2-b804-0a3b75277860","578_D6.1_Meta-epidemiological comparison of effet sizes in matched studies.pdf",,,,,"https://doi.org/10.3030/779312","Salcher-Konrad et al. (2022). *Comparison of treatment effects in randomized and nonrandomized studies of pharmacological interventions: a metaepidemiological analysis of over 2,700 studies*."
"f4ae58fd-d29d-4aa6-a24b-d67973e650fd","579_Recommendations on how to analyse and intrepret non-randomised studies.pdf",,,,,"https://doi.org/10.3030/779312","Kent et al. (*Recommendations on how to analyse and interpret non-randomised studies*)."
"2200bcd9-e9fd-4285-9dca-55c0bca08b6c","580_An analytical framework outlining the determinants of HTA recommendations.pdf",,,,,"https://doi.org/10.3030/779312","Kanavos and Visintin. (2023). *Improved methods and actionable tools for enhancing HTA: An analytical framework outlining the determinants of HTA recommendations across settings based on primary data collection and primary analysis of secondary data*."
"ded79cbb-dd5a-4a02-be1b-883b52d0ff84","581_Advancing knowledge and MCDA tools to assist HTA.pdf",,,,,"https://29fc9734-3e90-46b6-9e22-9a9705501c78.filesusr.com/ugd/e1a359_b37ecb6f4e7e49a295570dae60df9827.pdf?index=true","Oliveira et al. (2019). *Improved methods and actionable tools for enhancing HTA: Advancing knowledge and MCDA tools to assist HTA agencies in evaluating medicines on a common basis*."
"1ef13ed9-1196-4c85-91a5-0bcc60b1c8d2","582_Testing the IMPACT-HTA Value Framework in collaboration with HTA agencies.pdf",,,,,"https://29fc9734-3e90-46b6-9e22-9a9705501c78.filesusr.com/ugd/e1a359_cee04eb534e2486492b42fd3e51eb7c9.pdf?index=true","Angelis et al. (2023). *Improved methods and actionable tools for enhancing HTA: Testing the IMPACT-HTA Value Framework in collaboration with HTA agencies: Case studies on Non-Small Cell Lung Cancer and Spinal Muscular Atrophy*."
"5a3978b6-d2ec-4f5f-a47f-6a8683289002","583_Toolkit including a list of relevant indicators to capture hospital performance variability.pdf",,,,,"https://doi.org/10.3030/779312","Gabutti et al. (2021). *Toolkit including a list of relevant indicators to capture hospital performance variability and toolkit to assess the transferability of evidence produced in other jurisdictions and decision-making levels*."
"44210f83-8a4a-4e44-a078-1bd38d268a71","584_D8.2_Toolkit of instruments to identify the clinical variability and its impact on the use of health technology.pdf",,,,,"https://doi.org/10.3030/779312","Marchetti et al. (2018). *Toolkit of instruments to identify the clinical variability and its impact on the use of health technology*."
"c3d3c2f6-bf32-46df-baa2-c0ea1ac0e4bd","585_D9.1_Algorithm for the estimation of the new technologies.pdf",,,,,"https://doi.org/10.3030/779312","Cicchetti et al. (2020). *Algorithm for the estimation of the fiscal impact of new technologies*."
"e3adbd50-c45c-406f-83b0-f05e01b556d0","586_Evidence from pilot application from selected therapeutic areas.pdf",,,,,"https://doi.org/10.3030/779312","IMPACT HTA Project. (2020). *Evidence from pilot application from selected therapeutic areas*."
"2fa2f79e-8162-4bc8-a768-3039cccb4096","587_HTA Appraisal Framework Suitable for Rare Disease Treatments.pdf",,,,,"https://doi.org/10.3030/779312","Facey et al. (2021). *IMPACT HTA WP10 HTA Appraisal Framework Suitable for Rare Disease Treatments*."
"6d627b78-79e8-4af9-84e6-d123c6be679c","588_D10.2_Guidance on Use of Patient Reported Outcome Measures in HTA Appraisals of Rare Disease Treatments.pdf",,,,,"https://29fc9734-3e90-46b6-9e22-9a9705501c78.filesusr.com/ugd/e1a359_4c6f61bc3cc94ae6a7781490d8b7ab49.pdf?index=true","Nicod et al. (*Guidance on Use of Patient Reported Outcome Measures in HTA Appraisals of Rare Disease Treatments*)."
"bdc604a1-871b-45ac-8c14-3ac6e82cbd17","589_D10.3_Guidance on Use and Implementation of Outcome-Based Managed Entry Agreements for Rare Disease Treatments.pdf",,,,,"https://29fc9734-3e90-46b6-9e22-9a9705501c78.filesusr.com/ugd/e1a359_884ba8242a564b0a8ae6899bdf9bb67d.pdf?index=true","Facey, K., Xoxi, E., Kent, E., Junghans, T., Whittal, A., Drummond, M., Nicod, E., & Upadhyaya, S. (2021). *Guidance on Use and Implementation of Outcome-Based Managed Entry Agreements for Rare Disease Treatments*."
"5dcb3439-c8b3-40d3-8537-90ecffe9c07c","58_real-world-evidence-and-patient-reported-outcomes-in-the-regulatory-context.pdf","Australia","Therapeutic Goods Administration (TGA)","Real world evidence and patient reported outcomes in the regulatory context",2021,"https://www.tga.gov.au/sites/default/files/real-world-evidence-and-patient-reported-outcomes-in-the-regulatory-context.pdf","TGA. (2021). *Real world evidence and patient reported outcomes in the regulatory context*. Therapeutic Goods Administration."
"183c5ecf-04b9-46d7-8183-dee3171b6c8d","590_D11.1_Systematic review of decrementally cost-effective interventions.pdf",,,,,"https://ec.europa.eu/research/participants/documents/downloadPublic?documentIds=080166e5c54f5111&appId=PPGMS","Scarica et al. (2019). *Improved methods and actionable tools for enhancing HTA: A systematic review of decrementally costeffective health technologies and case studies*."
"93e15a80-2e45-4b92-a7c2-61007e653ed3","591_D3.6 Video demonstrator showing data access based on a pillar III use case.pdf",,,,,"https://doi.org/10.5281/zenodo.15124377","GDI. (2024). *Video demonstrator showing data access based on a pillar III use case*."
"f5cbeb88-91f8-487a-9778-5eccc361076f","592_D11.2_Stakeholders_perspective_a_political_economy_report.pdf",,,,,,"URC-éco at AP-HP. (2020). *Improved methods and actionable tools for enhancing HTA: D 11.2: Stakeholders' perspective: a political economy report*."
"69d03d8a-ae68-45b2-a62a-5e2a726e77f6","593_D11.3_ A toolbox on candidate cost-effective technologies for HTA producers and users.pdf",,,,,"https://ec.europa.eu/research/participants/documents/downloadPublic?documentIds=080166e5dd2e8ddf&appId=PPGMS","London School of Economics. (2020). *IMPACT HTA project: Adoption of decrementally cost-effective interventions*."
"8e4c0cd2-3f4c-420d-a8c2-c2a1d89a78b9","594_D3.2_Technical aspects of the European Healthcare and Social Cost Database.pdf",,,,,"https://www.easp.es/Impact-Hta/pub/DirectCosts/doc/EU-HCSCD-user-guide.pdf","IMPACT-HTA Project. (2020). *Technical aspects of the European Healthcare and Social Cost Database (EU HCSCD)*."
"56cb19d6-760e-4df9-88eb-bcfd7a48b2be","595_Leveraging DICE (Discretely-Integrated Condition Event) simulation to simplify the design.pdf",,,,,"https://doi.org/10.1016/j.jval.2020.03.009","Caro, J. J., Maconachie, R., Woods, M., Naidoo, B., & McGuire, A. (2020). *Leveraging DICE (Discretely-Integrated Condition Event) Simulation to Simplify the Design and Implementation of Hybrid Models*. Value in Health."
"7304b5c1-a976-48bf-9e38-4ad73bae7b2d","596_358- Economic evaluation of sequences of biological treatments for patients with moderate-to-severe .pdf",,,,,"https://doi.org/10.1016/j.jval.2019.12.003","Ghabri et al. (2020). *Economic Evaluation of Sequences of Biological Treatments for Patients With Moderate-to-Severe Rheumatoid Arthritis and Inadequate Response or Intolerance to Methotrexate in France*. Value in Health."
"82ef118f-d773-497e-8e67-ff84e9e52380","597_D4.1 Helpdesk roadmap.pdf",,,,,,"Spalding, D. (2025). *Helpdesk roadmap*."
"c6a18b09-ab79-42e1-b8b1-21843bff271f","598_360-Modeling using discrete event simulation .pdf",,,,,"https://doi.org/10.1016/j.jval.2012.04.013","Karnon et al. (2012). *Modeling using Discrete Event Simulation: A Report of the ISPOR-SMDM Modeling Good Research Practices Task Force-4*. Value in Health."
"b87ce520-4693-43ed-868c-e9b5cac69e72","599_361-Improving transparency in decision models .pdf",,,,,"https://doi.org/10.1007/s40273-019-00850-0","Tappenden et al. (2019). *Improving Transparency in Decision Models: Current Issues and Potential Solutions*. PharmacoEconomics."
"427815b6-e427-478e-bc1d-cba5e39a86f6","59_clinical-evidence-guidelines-for-medical-devices-tga-13062025.pdf","Australia","Therapeutic Goods Administration (TGA)","Clinical evidence guidelines for medical devices",2024,"https://www.tga.gov.au/resources/guidance/clinical-evidence-guidelines-medical-devices","TGA. (2024). *Meeting clinical evidence requirements for medical devices*. Therapeutic Goods Administration."
"d2984162-8cd6-4e1c-a55f-3295ab41eabd","5_RWD Assessing Registries_Jan 2025 update.pdf","USA","FDA","Real-World Data: Assessing Registries To Support Regulatory Decision-Making for Drug and Biological Products (Industry) 2023",2023,"https://www.fda.gov/regulatory-information/search-fda-guidance-documents/real-world-data-assessing-registries-support-regulatory-decision-making-drug-and-biological-products","FDA. (2023). *Real-World Data: Assessing Registries to Support Regulatory Decision-Making for Drug and Biological Products Guidance for Industry*. U.S. Food and Drug Administration."
"4594d466-74b9-437b-bb96-e13b9896d886","600_363-Advantages and disadvantages of discret...imulation for health economic analyses.pdf",,,,,,
"68a01e0d-19c0-4a5e-8707-e5fe3b5b1a7c","601_364- Discrete event simulatio.pdf",,,,,"https://doi.org/10.1111/j.1524-4733.2010.00775.x","Caro et al. (2010). *Discrete Event Simulation: The Preferred Technique for Health Economic Evaluations?*."
"77840ec6-fd3d-4829-9762-e71eb2d0371f","602_366-Predicting Hospital Resource Use During COVID-19 Surges.pdf",,,,,"https://doi.org/10.1016/j.jval.2021.05.023","Value in Health. (2021). *Predicting Hospital Resource Use During COVID-19 Surges: A Simple but Flexible Discretely Integrated Condition Event Simulation of Individual Patient-Hospital Trajectories*."
"a5900f12-7f1d-4ac2-8cb0-2381a27e3994","603_367-A general framework for classifying costing methods for economic evaluation of health care.pdf",,,,,"https://doi.org/10.1007/s10198-019-01157-9","Špacírová, Z., Epstein, D., García-Mochón, L., Rovira, J., Olry de Labry Lima, A., & Espín, J. (2021). *A general framework for classifying costing methods for economic evaluation of health care*."
"49827270-7d34-406b-adc4-f0e97b7dba72","604_369-How relevant are social costs in economic evaluations.pdf",,,,,"https://doi.org/10.1007/s10198-019-01087-6  ","Peña-Longobardo, L. M., Rodríguez-Sánchez, B., Oliva-Moreno, J., Aranda-Reneo, I., & López-Bastida, J. (2021). *How relevant are social costs in economic evaluations? The case of Alzheimer's disease*."
"e27120c7-81db-49ac-ac32-c62e43ae7796","605_D.4.2 Standard Operating Procedures defined.pdf",,,,,"https://doi.org/10.5281/zenodo.14003278","Genomic Data Infrastructure. (2024). *Standard Operating Procedures defined*. European Union Digital Europe Programme."
"e60204c3-fa7c-499d-a8ef-ca9f7ef75d52","606_370-Considering the societal perspective in economic evaluations.pdf",,,,,"https://doi.org/10.1186/s13561-020-00288-7","Duevel et al. (2020). *Considering the societal perspective in economic evaluations: a systematic review in the case of depression*."
"2c753f12-1b2f-4433-890c-5bef8ef25603","607_Can the Consideration of Societal Costs Change the Recommendation of Economic Evaluations in the Field of Rare Diseases.pdf",,,,,"https://doi.org/10.1016/j.jval.2020.10.014","Aranda-Reneo, I., Rodríguez-Sánchez, B., Peña-Longobardo, L. M., Oliva-Moreno, J., & López-Bastida, J. (2021). *Can the Consideration of Societal Costs Change the Recommendation of Economic Evaluations in the Field of Rare Diseases? An Empirical Analysis*. Value in Health."
"ff6bbbc2-3605-421f-83fd-f7acd1269646","608_372-Assessing-the-effect-of-including-societal-costs-in-economic.pdf",,,,,"https://doi.org/10.2147/ceor.s301589","Rodriguez-Sanchez et al. (2018). *Assessing the Effect of Including Social Costs in Economic Evaluations of Diabetes-Related Interventions: A Systematic Review*."
"aa623880-dbf4-45d3-a900-ebdb9c6a2e16","609_Does the inclusion of societal costs change the economic evaluations recommendations.pdf",,,,,"https://doi.org/10.1007/s10198-022-01471-9","Rodríguez-Sánchez, B., Daugbjerg, S., Peña-Longobardo, L. M., Oliva-Moreno, J., Aranda-Reneo, I., Cicchetti, A., & López-Bastida, J. (2022). *Does the inclusion of societal costs change the economic evaluations recommendations? A systematic review for multiple sclerosis disease*."
"c18e1b35-f860-4742-b225-50015265b96b","610_EQ-5D-Y value set for Slovenia.pdf",,,,,"https://doi.org/10.1007/s40273-020-00994-4","Prevolnik Rupel et al. (2021). *EQ-5D-Y Value Set for Slovenia*."
"8c617f73-b60b-49b2-ae30-df6dac1e1df5","611_To what extent do patient preferences differ from general population preferences.pdf",,,,,"https://doi.org/10.1016/j.jval.2021.02.012","Ludwig, K., Ramos-Goñi, J. M., Oppe, M., Kreimeier, S., & Greiner, W. (2021). *Preference-Based Assessments*. Value in Health."
"00108ec4-4a4c-4d17-a1dc-4077c8e2f385","612_Comparison of adult and adolescent preferences toward EQ-5D-Y-3L health states.pdf",,,,,,"Value in Health. (2021). *Preference-Based Assessments*."
"9f4abc01-43eb-45e1-83ce-bfa4d7b88fb8","613_EQ‑5D‑Y Value Set for Germany.pdf",,,,,"https://doi.org/10.1007/s40273-022-01206-x","Kreimeier, S., Mott, D., Ludwig, K., & Greiner, W. (2022). *EQ-5D-Y Value Set for Germany*."
"6c064ef1-327f-4cd6-b347-abc40ce042e5","614_The use of nonrandomized evidence to estimate treatment effects.pdf",,,,,"https://doi.org/10.2217/cer-2021-0108","Kent et al. (2021). *The use of nonrandomized evidence to estimate treatment effects in health technology assessment*."
"c5fd9f08-b2e7-4c1f-9afb-1bedec21adbe","615_Multi-criteria decision analysis for health technology assessment.pdf",,,,,"https://doi.org/10.1007/s10198-019-01052-3","Oliveira, M. D., Mataloto, I., & Kanavos, P. (2019). *Multi-criteria decision analysis for health technology assessment: addressing methodological challenges to improve the state of the art*."
"bc783253-cab3-4f82-bfd2-124cdeba3dcb","616_D4.3 User portal live cataloguing data within the GDI.pdf",,,,,"https://doi.org/10.5281/zenodo.15309427","Genomic Data Infrastructure (GDI). (2024). *User Portal live cataloguing data within the GDI*."
"ceed1b2e-5909-4241-82f1-a32b85c59dd5","617_Assessing hospital performance indicators. What dimensions Evidence from an umbrella review.pdf",,,,,"https://doi.org/10.1186/s12913-020-05879-y","Carini et al. (2020). *Assessing hospital performance indicators. What dimensions? Evidence from an umbrella review*."
"8856dae2-d272-4df3-8a09-a239b777ea6a","618_Hospital contextual factors affecting the implementation of health technologies_a systematic review.pdf",,,,,"https://doi.org/10.1186/s12913-021-06423-2","Grossi et al. (2021). *Hospital contextual factors affecting the implementation of health technologies: a systematic review*."
"3780875b-5db5-40e6-b54e-f726d896d508","619_Driving_health technologies towards performance_a contextualisation within the hospital setting.pdf",,,,,"https://doi.org/10.1504/ijtpm.2021.119720","Gabutti, I. (2021). *Driving health technologies towards performance: a contextualisation within the hospital setting*. Int. J. Technology, Policy and Management."
"ab374a11-8bad-46b7-8cf1-30b5f6213b11","621_Are supplemental appraisalreimbursement processes needed for rare disease treatments.pdf",,,,,"https://doi.org/10.21203/rs.3.rs-20907/v1","Nicod et al. (2020). *Are supplemental appraisal/reimbursement processes needed for rare disease treatments? An international comparison of country approaches*."
"e665cf13-9c1e-4dd3-a778-6dc735296a28","622_Examining-the-impact-of-different-country-processes-for-appraising-rare-disease-treatments-a-case-study-analysis.pdf",,,,,"https://doi.org/10.1017/s0266462321000337","Whittal, A., Nicod, E., Drummond, M., & Facey, K. (2021). *Examining the impact of different country processes for appraising rare disease treatments: a case study analysis*. International Journal of Technology Assessment in Health Care."
"55722c3e-7ad7-4637-aea5-d3902deba365","623_the-estimation-of-health-state-utility-values-in-rare-diseases-overview-of-existing-techniques.pdf",,,,,"https://doi.org/10.1017/s0266462320000665","Meregaglia, M., Nicod, E., & Drummond, M. (2020). *The estimation of health state utility values in rare diseases: overview of existing techniques*. International Journal of Technology Assessment in Health Care."
"6f86c7d9-e0ab-4352-9050-85162ea9d3e1","624_The use of patient-reported outcome measures in rare diseases.pdf",,,,,"https://doi.org/10.1007/s40271-020-00493-w","Whittal et al. (2021). *The Use of Patient-Reported Outcome Measures in Rare Diseases and Implications for Health Technology Assessment*."
"16c9d10d-42b5-44ef-8c77-1c9a69f10d77","626_The evolution of AIFA registries to support managed entry agreements for orphan medicinal products in Italy.pdf",,,,,"https://doi.org/10.3389/fphar.2021.699466","Xoxi, E., Facey, K. M., & Cicchetti, A. (2021). *The Evolution of AIFA Registries to Support Managed Entry Agreements for Orphan Medicinal Products in Italy*. Frontiers in Pharmacology."
"9d73daed-062d-4b50-9487-ecf3c5b8e6d3","627_ The Roadmap project .pdf",,,,,"https://doi.org/10.3233/jad-180370","Gallacher et al. (2019). *Challenges for Optimizing Real-World Evidence in Alzheimer's Disease: The ROADMAP Project*. Journal of Alzheimer's Disease."
"0d630673-2e3a-4bbe-8623-0b45a0b9d10b","628_2025-01-20-tehdas2-milestone-6.2.pdf",,,,,"https://tehdas.eu/wp-content/uploads/2025/10/d6.2-guideline-for-data-users-on-good-application-and-access-practice.pdf","TEHDAS2. (2025). *Guideline for data users on good application and access practice*. TEHDAS2 Consortium Partners."
"cc58d0e7-e38e-4a7e-a343-5ed892dd155b","629_D5.1 Report on coordination and outreach.pdf",,,,,"https://doi.org/10.5281/zenodo.10037055","Genomic Data Infrastructure (GDI) Project. (2023). *Report on coordination and outreach*."
"8113be2b-bf32-48c7-a180-d6b9cbd567d3","630_D5.2 Second annual report on coordination and outreach.pdf",,,,,"https://doi.org/10.5281/zenodo.13987107","Genomic Data Infrastructure (GDI). (2024). *Second annual report on coordination and outreach*. European Union Digital Europe Programme."
"d9e23561-ea36-463e-9eb6-33361a224ce8","631_D5.5 Report outlining QoS metrics, reporting processes, and node TRLs defined.pdf",,,,,"https://doi.org/10.5281/zenodo.10256902","European Genomic Data Infrastructure (GDI). (2024). *Report outlining QoS metrics, reporting processes, and node TRLs defined*. European Union Digital Europe Programme."
"164bd25c-774f-4f30-ac52-ff48bd196b4a","632_D5.6 Report summarising the procedure for continuous stakeholder feedback gathering (1).pdf",,,,,"https://doi.org/10.5281/zenodo.11094054","1+MG / GDI Project. (2024). *Report summarising the procedure for continuous stakeholder feedback gathering*."
"2f4131fa-3dfc-474a-805a-d0201d1821dc","633_D6.1 Draft data management policy published including ELSI best practice.pdf",,,,,"https://doi.org/10.5281/zenodo.7956612","GDI Project Consortium. (2023). *Data management policy including ELSI best practice*."
"5715c679-7a0e-4396-8a9f-7d6089c3f0ac","634_D6.2 Report on European resources and data suitable for inclusion into the GDI.pdf",,,,,"https://doi.org/10.5281/zenodo.10887423","Genomic Data Infrastructure (GDI). (2023). *Report on European resources and data suitable for inclusion into the GDI*."
"ea4fc195-c843-41a4-b63c-171e17e5e5a2","635_D6.3 Report on requirements for data quality and distributed analysis, as well as external resource interoperability.pdf",,,,,"https://doi.org/10.5281/zenodo.13920170","GDI Project. (2024). *Report on requirements for data quality and distributed analysis, as well as external resource interoperability*."
"7839f941-28dd-456d-9c52-9e4e60ee677d","636_2025-01-22-tehdas2-milestone-7.1.pdf",,,,,"https://tehdas.eu/wp-content/uploads/2025/07/d7.1-guideline-on-how-to-use-data-in-a-secure-processing-environment.pdf","TEHDAS2 Consortium. (2025). *Guideline on how to use data in a secure processing environment*. TEHDAS2 Consortium."
"a971eb22-5289-417a-847f-a07175d74c3b","637_D6.6 Report outlining the recommendations on data curation and ELSI compliance.pdf",,,,,"https://doi.org/10.5281/zenodo.10723494","GDI Project. (*Report outlining the recommendations on data curation and ELSI compliance*)."
"fbfda22b-4af2-4933-a212-05bbffa821fd","638_D7.1 Use case demonstrator package.docx.pdf",,,,,"https://doi.org/10.5281/zenodo.11635576","European Commission. (*Use case demonstrator package*). European Commission."
"7fb991aa-08aa-4275-afed-eeba34b74b51","639_D7.4 Report to identify the initial set of relevant data for use cases.pdf",,,,,"https://doi.org/10.5281/zenodo.10887528","GDI. (2024). *Report to identify the initial set of relevant data for use cases*."
"0abcddcc-6210-4b6e-95c3-2112b9b701f2","640_D8.4 Report on federated data access scenarios.pdf",,,,,"https://doi.org/10.5281/zenodo.8208439","Genomic Data Infrastructure Project. (2023). *Report on federated data access scenarios*."
"9be8da64-0fd2-48ff-8d56-48a7e14b36da","641_D8.5 Report on federated learning technologies (1).pdf",,,,,"https://doi.org/10.5281/zenodo.11550561","GDI Project. (2024). *Report on federated learning technologies*."
"e668b602-1e26-48f2-a440-cb8ae3b59fba","642_D8.7 Report on semantic interoperability scenarios (2).pdf",,,,,"https://doi.org/10.5281/zenodo.11550316","Genomic Data Infrastructure (GDI) Project. (2024). *Report on semantic interoperability scenarios*."
"796f095d-fca6-4194-af06-bc4f753d0e92","643_D8.8 Evaluation of distributed analysis and federated learning infrastructure solutions and recommendations for adoption.pdf",,,,,"https://doi.org/10.5281/zenodo.10887366","Portell-Silva et al. (2024). *Evaluation of distributed analysis and federated learning infrastructure solutions and recommendations for adoption*."
"565425c8-27aa-432f-99cd-c4e36d2dc1ff","644_Achilles_data_characterization.pdf",,,,,,"EMA. (2023). *Guideline on the clinical investigation of medicinal products for the treatment of Alzheimer's disease*. European Medicines Agency."
"ab7d77cf-6d6a-4981-af25-528945b70c22","645_Hermes_for vocabulary_exploration.pdf",,,,,,
"3cb07777-5c4a-43a4-9f33-ec8223283a38","646_CIRCE_for_cohort_creation.pdf",,,,,,"EFClR. (2024). *EFClR: A new approach to the assessment of clinical efficacy and safety in regulatory science*."
"e72dc9aa-c05a-4958-9128-029abba2a5ed","647_HOMER for population-level estimation – OHDSI.pdf",,,,,,
"c6ec1db5-98cb-47cb-ad0b-c84b01ae6873","648_PLATO for patient-level prediction – OHDSI.pdf",,,,,,
"33362f19-01bb-44da-8ac2-8e1f0a50efa1","649_D3.1 Evaluation report.pdf",,,,,,"EHDS2 Consortium Partners. (2022). *Evaluation report: EU4H-2021-PJ2 EHDS2 Pilot ('HealthData@EU pilot')*. EHDS2 Consortium Partners."
"732d1284-9980-4ac4-80d9-599d39239761","650_D4.1 Recommendations for establishing Health Data Access Bodies.pdf",,,,,,"EHDS2 Consortium. (2025). *Recommendations for establishing Health Data Access Bodies*. European Union."
"da71e229-50a7-4059-bd48-fa7e4db950b9","651_D5.1 Architecture Definition Document.pdf",,,,,,"EHDS2 Consortium. (2024). *Architecture Definition Document*. European Union."
"b26edd5a-9e22-42c8-bae9-86601afb8abd","652_MS6.1 Report on the landscape analysis.pdf",,,,,,"Derycke et al. (2023). *Report on the landscape analysis of available metadata catalogues and the metadata standards in use*."
"e9c1bdb2-bcdf-470a-84de-fc391d26a7a3","653_MS6.2_Technical-working-group-on-the-transition-from-existing-metadata-templates-to-HealthDCAT_FIN-1.pdf",,,,,,"European Commission. (2024). *Technical working group on the transition from existing metadata templates to HealthDCAT-AP: Working group minutes*. European Commission."
"9adacce3-68ab-40ec-bcdf-81b1a0374fe2","654_D6.1 Extension of DCAT-AP_ Health DCAT-AP.pdf",,,,,,"EHDS2 Consortium. (2024). *Extension of DCAT-AP: Health DCAT-AP*. European Union."
"d1300070-11a0-4666-b8fa-a371fb14c0e2","655_D6.2 Recommendations on further development and deployment for possible EU-wide uptake.pdf",,,,,,"EHDS2 Consortium. (2024). *HealthDCAT-AP - A DCAT Application Profile for the description of health datasets 'Recommendations on further development and deployment for possible EUwide uptake'*. EHDS2 Consortium."
"d09c067d-8ace-4676-8d3a-8d89ebc66f0f","656_MS7.1Legal-landscape-analysis.pdf",,,,,,"BBMRI-ERIC. (2022). *HealthData@EU Pilot landscape analysis of legal frameworks for health data collection and health data use*. BBMRI-ERIC."
"9e01c213-633e-42d1-916f-59f9c4d172e6","657_D7.1 Common data access application form.pdf",,,,,,"EHDS2 Consortium. (2023). *Common data access application form*. EHDS2 Consortium."
"37f47489-e44b-4540-b17d-8f0b80ee9924","658_D7.2 Report based on use cases, on general conditions of data sharing and usage security measures.pdf",,,,,,"EHDS2 Consortium. (2023). *Report based on use cases, on general conditions of data sharing and usage security measures for data use including de-identification, onsite use in a secure environment and secure transfer*. EHDS2 Consortium."
"11e1769c-ac43-402e-8b18-b063f0d66545","659_D8.1 Recommendations of standards for data interoperability, querying and exchange.pdf",,,,,,"EHDS2 Consortium. (2024). *Recommendations of standards for data interoperability, querying and exchange*. European Union."
"c028d697-9c61-4245-8ecc-8c58aeabc4d7","65_MFDS Guideline on RWE for Medical Devices.pdf","South Korea","MFDS","Guidance on the application of real-world evidence (RWE) to medical devices (Drug developers and regulators)",2022,"https://healthpolicy.duke.edu/sites/default/files/2024-04/MFDS%20Guideline%20on%20RWE%20for%20Medical%20Devices.pdf","MFDS. (2019). *Guideline on the Utilization of Real World Data (RWD) and Real World Evidence (RWE) for Medical Devices*."
"2929b6b1-e0ac-4a62-8489-b47cfa01e124","660_D8.2 Recommendations on quality controlling, assurance & provenance.pdf",,,,,"https://doi.org/10.5281/zenodo.15096761","EHDS2 Consortium. (2024). *Recommendations on quality controlling, D8.2 assurance & provenance*. European Union."
"abf74258-b7a8-4bd0-a548-7f5c59b43bb2","661_D8.3 Recommendations on application of privacy enhancing technologies.pdf",,,,,"https://doi.org/10.5281/zenodo.15096779","EHDS2 Consortium. (2024). *Recommendations on application of privacy enhancing technologies, data security and node compute capabilities*. EHDS2 Consortium."
"37489a03-8c5b-4b1d-9dad-dd89de8dd983","662_WP1_coordination_TEHDAS glossary_files.pdf",,,,,"https://tehdas.eu/app/uploads/2022/01/tehdas-glossary.pdf","TEHDAS Consortium. (2021). *TEHDAS Joint Action Glossary*. European Union."
"704f8b95-abed-4546-8bd8-fc38e7b628b4","663_recommendations-for-best-practices-for-eu-crossborder-exchanges.pdf",,,,,"https://tehdas.eu/app/uploads/2023/09/tehdas-recommendations-for-best-practices-for-eu-crossborder-exchanges.pdf","TEHDAS Consortium. (2023). *Guidelines document for multicountry data access applications, including mutual recognition and cross-border applications*. TEHDAS Consortium."
"b689a596-ebdb-446c-a43c-204835a9bbd1","664_sustainability-plan-for-ehds.pdf",,,,,"https://tehdas.eu/app/uploads/2023/09/tehdas-sustainability-plan-for-ehds.pdf","TEHDAS Consortium. (2023). *Sustainability Plan for Secondary Use of Health Data in the European Health Data Space*. TEHDAS Consortium."
"02eb691f-c50b-4ba7-a856-d14bb29c9cf6","665_report-policy-and-project-forums.pdf",,,,,"https://tehdas.eu/app/uploads/2023/05/tehdas-report-policy-and-project-forums.pdf","TEHDAS Consortium. (2023). *Policy and Project Forums report: Engaging with national and international stakeholders and initiatives*. European Commission."
"d9569d9b-c633-4a9e-ab71-0b9be1dd7dfa","666_10_portugal-country-visit-factsheet-03-2023.pdf",,,,,"https://tehdas.eu/tehdas1/app/uploads/2023/03/portugal-country-visit-factsheet-03-2023.pdf","TEHDAS. (2022). *Country visit - Portugal*. European Commission."
"45569cb9-ea81-472e-8a39-fd3ff0271c21","667_11_slovenia-country-visit-factsheet-03-2023.pdf",,,,,"https://tehdas.eu/tehdas1/app/uploads/2023/03/slovenia-country-visit-factsheet-03-2023.pdf","TEHDAS. (2022). *Country visit - Slovenia*. Joint Action Towards the European Health Data Space."
"87084fe1-0c6a-4e16-9c05-b9db33efb1a2","668_12_sweden-country-visit-factsheet-03-2023.pdf",,,,,"https://tehdas.eu/tehdas1/app/uploads/2023/03/sweden-country-visit-factsheet-03-2023.pdf","TEHDAS. (2022). *Country visit - Sweden*. Joint Action Towards the European Health Data Space."
"0be5cae9-b2ad-4922-a36c-de4b7b2be6a4","669_1_belgium-country-visit-factsheets-10-2022.pdf",,,,,"https://tehdas.eu/tehdas1/app/uploads/2023/03/belgium-country-visit-factsheets-10-2022.pdf","TEHDAS. (2022). *Country visit - Belgium*. Joint Action Towards the European Health Data Space."
"b4a890e0-4838-4b83-8e91-d859d77debba","670_2_czech-republic-country-visit-factsheet-03-2023.pdf",,,,,"https://tehdas.eu/tehdas1/app/uploads/2023/03/czech-republic-country-visit-factsheet-03-2023.pdf","TEHDAS. (2022). *Country visit - Czech Republic*. European Commission."
"77bbbb0b-964d-4fd1-9fc2-e7ccaae1c2b4","671_3_denmark-country-visit-factsheets-10-2022.pdf",,,,,"https://tehdas.eu/tehdas1/app/uploads/2023/03/denmark-country-visit-factsheets-10-2022.pdf","TEHDAS. (2021). *Country visit - Denmark*. Joint Action Towards the European Health Data Space."
"7bd0bde4-1869-4423-ad6c-2e0a35e6ee39","672_4_estonia-country-visit-factsheets-10-2022.pdf",,,,,"https://tehdas.eu/tehdas1/app/uploads/2023/03/estonia-country-visit-factsheets-10-2022.pdf","TEHDAS. (2022). *Country visit - Estonia*. Joint Action Towards the European Health Data Space."
"c7e47a38-85ec-443e-be63-6dc49a219641","673_5_finland-country-visit-factsheet-04-2023.pdf",,,,,"https://tehdas.eu/tehdas1/app/uploads/2023/04/finland-country-visit-factsheet-04-2023.pdf","TEHDAS. (2022). *Country visit - Finland*. Joint Action Towards the European Health Data Space."
"41d2e54f-627f-4b87-a906-48f61e0d67b2","674_6_germany-country-visit-factsheet-final.pdf",,,,,"https://tehdas.eu/app/uploads/2023/03/germany-country-visit-factsheet-final.pdf","TEHDAS. (2022). *Country visit - Germany*. Joint Action Towards the European Health Data Space."
"ea0d2625-ba0d-4963-bfca-7fb29a7ed845","675_7_hungary-country-visit-factsheets-10-2022.pdf",,,,,"https://tehdas.eu/app/uploads/2023/03/hungary-country-visit-factsheets-10-2022.pdf","TEHDAS. (2022). *Country visit - Hungary*. Joint Action Towards the European Health Data Space."
"13c6f486-478b-4cee-ac13-8ce7f098074a","676_8_ireland-country-visit-factsheets-10-2022.pdf",,,,,"https://tehdas.eu/app/uploads/2023/03/ireland-country-visit-factsheets-10-2022.pdf","TEHDAS. (2022). *Country visit - Ireland*. Joint Action Towards the European Health Data Space."
"9b0f29da-6ddf-401b-ac55-f3d05af85ce9","677_9_netherlands-country-visit-factsheets-10-2022.pdf",,,,,"https://tehdas.eu/app/uploads/2023/03/netherlands-country-visit-factsheets-10-2022.pdf","TEHDAS. (2022). *Country visit - Netherlands*. European Commission."
"768ae20d-2970-405f-a91f-daeac3600cd6","678_mapping-health-data-management-systems-through-country-visits.pdf",,,,,"https://tehdas.eu/app/uploads/2023/04/tehdas-mapping-health-data-management-systems-through-country-visits.pdf","TEHDAS Consortium. (2023). *Mapping health data management systems through country visits: development, needs and expectations of the EHDS*. European Union."
"b814bfcd-1e37-4e05-a531-baa0c41879c9","679_preliminary-study-on-funding-sources-and-costs-of-secondary-use-of-health-data-in-the-eu.pdf",,,,,"https://tehdas.eu/app/uploads/2022/04/tehdas-preliminary-study-on-funding-sources-and-costs-of-secondary-use-of-health-data-in-the-eu.pdf","TEHDAS Consortium. (2022). *Preliminary study on funding sources and costs of secondary use of health data in the EU*. TEHDAS Consortium."
"5acb6f30-cb7a-493d-bc87-ef9334a829da","681_perspectives-on-multi-country-data-access-applications.pdf",,,,,"https://tehdas.eu/app/uploads/2023/07/tehdas-perspectives-on-multi-country-data-access-applications.pdf","TEHDAS Consortium. (2023). *Compilation of perspectives on multi-country data access applications, mutual recognition and crossborder applications through a workshop approach*. TEHDAS Consortium."
"7f3c41be-4161-46d8-8d91-aeb4ff154ecb","682_recommendations-for-european-countries-when-planning-national-legislation.pdf",,,,,"https://tehdas.eu/app/uploads/2023/03/tehdas-recommendations-for-european-countries-when-planning-national-legislation.pdf","TEHDAS Consortium. (2023). *Recommendations for European countries when planning national legislation on secondary use of health data*. TEHDAS Consortium."
"7bdfe702-9325-46e6-a57c-f6f6efd904d8","683_options-for-governance-models-for-the-european-health-data-space.pdf",,,,,"https://tehdas.eu/app/uploads/2023/01/tehdas-options-for-governance-models-for-the-european-health-data-space.pdf","TEHDAS Consortium. (2023). *Options for governance models for the European Health Data Space*. TEHDAS Consortium."
"bb4895c6-3296-4f1d-8c29-d657af2feb5a","684_report-description-of-steps-in-accessing-individual-level-data-for-national-and-eu-researchers-in-a-selection-of-centralised-systems-and-decentralised-systems.pdf",,,,,"https://tehdas.eu/app/uploads/2022/04/tehdas-report-description-of-steps-in-accessing-individual-level-data-for-national-and-eu-researchers-in-a-selection-of-centralised-systems-and-decentralised-systems.pdf","TEHDAS Consortium. (2022). *Description of steps in accessing individual-level data for national and EU researchers in a selection of centralised systems and decentralised systems*. European Union."
"bedc7e7e-caf3-432e-8249-2ee787701a26","685_guidelines-for-a-peer-to-peer-and-cross-border-partnership-for-the-secondary-use-of-health-data.pdf",,,,,"https://tehdas.eu/app/uploads/2022/04/tehdas-guidelines-for-a-peer-to-peer-and-cross-border-partnership-for-the-secondary-use-of-health-data.pdf","TEHDAS Consortium. (2022). *Guidelines for a peer-to-peer and cross-border partnership for the secondary use of health data*. TEHDAS Consortium."
"ad49fcc9-6ddf-49aa-a971-c3eb75fe19b2","686_report-on-secondary-use-of-health-data-through-european-case-studies-.pdf",,,,,"https://tehdas.eu/app/uploads/2022/08/tehdas-report-on-secondary-use-of-health-data-through-european-case-studies-.pdf","TEHDAS Consortium. (2022). *Report on secondary use of health data through European case studies*. TEHDAS Consortium Partners."
"c757189f-6ea5-425b-8f74-59d352df0e10","687_potential-health-data-governance-mechanisms-for-european-health-data-space-2021-09-01.pdf",,,,,"https://tehdas.eu/app/uploads/2021/09/tehdas-potential-health-data-governance-mechanisms-for-european-health-data-space-2021-09-01.pdf","TEHDAS Consortium. (2021). *Potential health data governance mechanisms for European Health Data Space*. TEHDAS Consortium."
"b29a2c94-4bf3-4291-bd61-ee081474948b","688_1_annex-a-case-studies-different-governance-and-health-data-systems-in-europe-2021-09-28.pdf",,,,,"https://tehdas.eu/app/uploads/2021/09/tehdas-annex-a-case-studies-different-governance-and-health-data-systems-in-europe-2021-09-28.pdf","TEHDAS Consortium. (2021). *Annex A "
"80699176-7b80-498e-80a7-f186fd0c32c7","689_2_summary-of-results-case-studies-on-barriers-to-sharing-health-data-2021-09-28.pdf",,,,,"https://tehdas.eu/app/uploads/2021/09/tehdas-summary-of-results-case-studies-on-barriers-to-sharing-health-data-2021-09-28.pdf","TEHDAS Consortium. (2021). *Summary of results: case studies on barriers to cross-border sharing of health data for secondary use*. European Commission."
"e60ea312-b7c4-4578-a106-5634e6821c06","690_Updated_ TEHDAS identifies barriers to data sharing.pdf",,,,,,
"99f1a735-7cef-4929-946f-6d1cfbd87ac4","691_Arthritis   Rheumatology - 2024 - D_Andrea - Efficacy Versus Effectiveness  The HORIZON‐Pivotal Fracture Trial and Its.pdf",,,,,"https://doi.org/10.1002/art.42968","Arthritis & Rheumatology. (2025). *Efficacy Versus Effectiveness: The HORIZON-Pivotal Fracture Trial and Its Emulation in Claims Data*."
"3858e86a-f8d3-4838-9fce-cb84617995b4","692_Biometrical J - 2015 - Nixon - A case study using the PrOACT‐URL and BRAT frameworks for structured benefit risk assessment.pdf",,,,,"https://doi.org/10.1002/bimj.201300248","Nixon et al. (2016). *A case study using the PrOACT-URL and BRAT frameworks for structured benefit risk assessment*."
"e03f6698-23d2-401c-bf7a-1f9c57bc946d","693_Biometrical J - 2015 - Waddingham - A Bayesian approach to probabilistic sensitivity analysis in structured benefit‐risk.pdf",,,,,"https://doi.org/10.1002/bimj.201300254","Waddingham, E., Mt-Isa, S., Nixon, R., & Ashby, D. (2016). *A Bayesian approach to probabilistic sensitivity analysis in structured benefit-risk assessment*."
"6f39cd61-bf97-4952-b940-6001498a481e","694_CIOMS-Guide-AVSS_republished.pdf",,,,,"https://doi.org/10.56759/hnuw8440","CIOMS. (2017). *CIOMS Guide to Active Vaccine Safety Surveillance: Report of CIOMS Working Group on Vaccine Safety*. Council for International Organizations of Medical Sciences (CIOMS)."
"05251938-fd49-4601-9a09-67e7e93b5b58","695_CIOMS_WG-XIII_report_WEB.JUNE_3_UPDATED_11Sept2024.pdf",,,,,"https://doi.org/10.56759/kfxh6213","CIOMS. (2024). *Real-world data and real-world evidence in regulatory decision making*. Council for International Organizations of Medical Sciences (CIOMS)."
"afc1da30-3e74-43e8-bd82-52ea08aff1f2","696_Clin Pharma and Therapeutics - 2015 - Schneeweiss - Improving therapeutic effectiveness and safety through big healthcare.pdf",,,,,"https://doi.org/10.1002/cpt.316","Schneeweiss et al. (2016). *Improving Therapeutic Effectiveness and Safety Through Big Healthcare Data*."
"c1c481ac-bbd3-40b3-a017-c5d508cf1309","697_Clin Pharma and Therapeutics - 2016 - Schneeweiss - Real World Data in Adaptive Biomedical Innovation  A Framework for.pdf",,,,,"https://doi.org/10.1002/cpt.512","Schneeweiss et al. (*Real World Data in Adaptive Biomedical Innovation: A Framework for Generating Evidence Fit for Decision-Making*)."
"046c05ed-3ccc-4318-87c6-8b19d8159051","698_Clin Pharma and Therapeutics - 2017 - Franklin - When and How Can Real World Data Analyses Substitute for Randomized.pdf",,,,,"https://doi.org/10.1002/cpt.857","Franklin, J. M., & Schneeweiss, S. *When and How Can Real World Data Analyses Substitute for Randomized Controlled Trials?*."
"2c7c0fc3-b8c4-4384-9332-baf60a8b9b82","699_Clin Pharma and Therapeutics - 2017 - Najafzadeh - Synergies From Integrating Randomized Controlled Trials and Real‐World.pdf",,,,,"https://doi.org/10.1002/cpt.873","Najafzadeh, M., Gagne, J. J., & Schneeweiss, S. (2017). *Synergies From Integrating Randomized Controlled Trials and Real-World Data Analyses*. American Society for Clinical Pharmacology and Therapeutics."
"c8e815e3-418d-4405-a76d-1fa403e1cdd7","6_55614023fnl_Jan 2025 update.pdf","USA","FDA","Data Standards for Drug and Biological Product Submissions Containing Real-World Data (Industry)",2023,"https://fda.gov/media/153341/download","FDA. (2023). *Data Standards for Drug and Biological Product Submissions Containing Real-World Data*. U.S. Food and Drug Administration."
"293a6601-660c-4801-bf8b-f9130dd566d2","700_Clin Pharma and Therapeutics - 2019 - Franklin - Evaluating the Use of Nonrandomized Real‐World Data Analyses for.pdf",,,,,"https://doi.org/10.1002/cpt.1351","Franklin, J. M., Glynn, R. J., Martin, D., & Schneeweiss, S. (n.d.). *Evaluating the Use of Nonrandomized Real-World Data Analyses for Regulatory Decision Making*."
"da4623ab-dff7-4356-9106-7391f903334a","701_Clin Pharma and Therapeutics - 2019 - Franklin - Nonrandomized Real‐World Evidence to Support Regulatory Decision Making .pdf",,,,,"https://doi.org/10.1002/cpt.1633","Franklin et al. (2020). *Nonrandomized Real-World Evidence to Support Regulatory Decision Making: Process for a Randomized Trial Replication Project*."
"d04e2e8d-bb4c-4b69-b48b-5294bbb12d78","702_D-3.1_REPORT-ON-ETHICAL-FRAMEWORKS.pdf",,,,,"https://facilitate-project.eu/wp-content/uploads/2023/12/D-3.1_REPORT-ON-ETHICAL-FRAMEWORKS.pdf","FACILITATE Consortium. (2023). *Report on the ethical frameworks for FACILITATE*. Innovative Medicines Initiative 2 Joint Undertaking."
"e567ef68-f26d-458b-aef2-d4906b7cd6b3","703_D-3.4_Ethical-standards-and-guidelines-No.2.pdf",,,,,"https://facilitate-project.eu/wp-content/uploads/2025/06/D-3.4_Ethical-standards-and-guidelines-No.2.pdf","FACILITATE Consortium. (2025). *Ethical standards and guidelines No. 2: Return of individual participant data (RoIPD)*. Innovative Medicines Initiative 2 Joint Undertaking."
"751a7120-2956-4279-a665-affa370aaacf","704_D1.2_EDC.pdf",,,,,,"Innovative Medicines Initiative 2 Joint Undertaking. (*Expert Decision Committees establishment and management rules*). European Medicines Agency."
"f044d024-d5b3-4a5e-97eb-35bcc7f28a3a","705_D1.8_Scientific-Advisory-Board.pdf",,,,,"https://facilitate-project.eu/wp-content/uploads/2025/02/D1.8_Scientific-Advisory-Board.pdf","FACILITATE Consortium. (2022). *Scientific Advisory Board establishment and management rules*."
"b1f977ec-2f19-4f3e-8202-f28e309d99c4","706_D3.3_Report-on-ethical-standards-and-guidelines.pdf",,,,,"https://facilitate-project.eu/wp-content/uploads/2025/02/D3.3_Report-on-ethical-standards-and-guidelines.pdf","FACILITATE Consortium. (2024). *Ethical standards and guidelines No. 1: Framework for Clinical trial participants data reutilization for a fully Transparent and Ethical ecosystem*. Innovative Medicines Initiative 2 Joint Undertaking."
"f6b09975-2da9-4a7a-abbc-0f48009029e4","707_Distinguishing features in the assessment of mHealth apps.pdf",,,,,"https://doi.org/10.1080/14737167.2021.1891883","Tarricone, R., Petracca, F., Ciani, O., & Cucciniello, M. (2021). *Distinguishing features in the assessment of mHealth apps*. Expert Review of Pharmacoeconomics & Outcomes Research."
"24a5e8f4-58e3-4139-8423-b0319bf0b0a5","708_FACILITATE_D1.1_HANDBOOK_finalversion-1.pdf",,,,,"https://facilitate-project.eu/wip/wp-content/uploads/2022/04/FACILITATE_D1.1_HANDBOOK_finalversion-1.pdf","FACILITATE Consortium. (2022). *Consortium Handbook*."
"aa96be5a-e8c7-44af-ad2f-a5d5badf8f06","709_Friends of Cancer Research_ECA Pilot Project.pdf",,,,,"https://doi.org/10.1200/cci.24.00091","JCO Clinical Cancer Informatics. (2024). *Evaluation of Real-World Tumor Response Derived From Electronic Health Record Data Sources: A Feasibility Analysis in Patients With Metastatic Non-Small Cell Lung Cancer Treated With Chemotherapy*."
"3e4d376a-ebd3-482f-9dce-a624afe877a4","70_000274894.pdf","Japan","RWD Working Group of PMDA","Points to Consider When Registry Data are utilized for Partial Change Approval Applications or Revision of Electronic Package Insert for Prescription Drugs",2024,"https://www.pmda.go.jp/files/000274894.pdf","MHLW. (2024). *Points to Consider When Registry Data are utilized for Partial Change Approval Applications or Revision of Electronic Package Insert for Prescription Drugs*. Ministry of Health, Labour and Welfare."
"13504e4e-cdeb-45e7-9733-bf83af5c7399","710_Friends of Cancer Research_Pilot 1.0.pdf",,,,,"https://friendsofcancerresearch.org/wp-content/uploads/RWE_FINAL-7.6.18_1.pdf","Friends of Cancer Research. (2018). *Establishing a Framework to Evaluate Real-World Endpoints*."
"fc018682-6f41-4a92-a057-0a47d4ad1564","711_Friends of Cancer Research_Pilot 2.0 (2).pdf",,,,,"https://doi.org/10.1002/cpt.2443","Lasiter et al. (2022). *Real-world Overall Survival Using Oncology Electronic Health Record Data: Friends of Cancer Research Pilot*."
"97661c13-7841-4948-8aeb-fe24e77cb8b9","712_Friends of Cancer Research_Pilot 2.0 (3).pdf",,,,,"https://friendsofcancerresearch.org/wp-content/uploads/Use_of_Real-World_Evidence_in_Oncology_0.pdf","Friends of Cancer Research. (2019). *Considerations for Use of Real-World Evidence in Oncology: Lessons Learned from Friends of Cancer Research Collaborations*."
"60478f34-4961-4eff-8952-a0ceeace43ec","713_Friends of Cancer Research_Pilot 2.0.pdf",,,,,"https://doi.org/10.1002/cpt.2453","Rivera, D. R., et al. (2018). *The Friends of Cancer Research Real-World Data Collaboration Pilot 2.0: Methodological Recommendations from Oncology Case Studies*."
"3b9a8752-5457-4e75-b8d4-ee59717d33b4","714_Friends of Cancer Research_rw-Response (2).pdf",,,,,"https://doi.org/10.1200/CCI.22.00161","JCO Clinical Cancer Informatics. (2023). *A Study Design to Harmonize Patient-Reported Outcomes Across Data Sets*."
"f57cdb73-d401-4cd6-8905-95dd8040118d","715_Friends of Cancer Research_rw-Response (3).pdf",,,,,"https://friendsofcancerresearch.org/wp-content/uploads/Considerations_Leveraging_Real-World_Endpoints_Oncology.pdf","Friends of Cancer Research. (*Considerations for Leveraging Real-World Endpoints in Oncology Drug Development*)."
"3aa00b4c-ec64-4fef-ad4c-7af6572b7127","717_HughesetalRecommendationsforthemethodologyandvisualisationtechniquestobeusedintheassessmento.pdf",,,,,"https://www.researchgate.net/publication/283515405_IMI-PROTECT_Benefit-Risk_Group_RECOMMENDATIONS_REPORT_Recommendations_for_the_methodology_and_visualisation_techniques_to_be_used_in_the_assessment_of_benefit_and_risk_of_medicines","EMA. (2013). *IMI-PROTECT Benefit-Risk Group RECOMMENDATIONS REPORT: Recommendations for the methodology and visualisation techniques to be used in the assessment of benefit and risk of medicines*. European Medicines Agency."
"8ab31a02-933b-415f-ac1f-f3781823651e","719_NEJMp1614720.pdf",,,,,"https://doi.org/10.1056/nejmp1614720","NEJM. (2017). *From Trial to Target Populations - Calibrating Real-World Data*."
"ed846a0a-7f09-4477-82bd-a7f3984866e3","720_Pharmacoepidemiology and Drug - 2014 - Hallgreen - Benefit risk assessment in a post‐market setting  a case study.pdf",,,,,"https://doi.org/10.1002/pds.3676","Hallgreen, C. E., et al. (2014). *Benefit -risk assessment in a post-market setting: a case study integrating real-life experience into benefit -risk methodology*. John Wiley & Sons, Ltd."
"eed7f680-1c57-4572-9aa6-9eca3a9c7236","721_Pharmacoepidemiology and Drug - 2014 - Mt‐Isa - Balancing benefit and risk of medicines  a systematic review and.pdf",,,,,"https://doi.org/10.1002/pds.3636","Mt-Isa, S., Hallgreen, C. E., Wang, N., Callréus, T., Genov, G., Hirsch, I., Hobbiger, S. F., Hockley, K. S., Luciani, D., Phillips, L. D., Quartey, G., Sarac, S. B., Stoeckert, I., Tzoulaki, I., Micaleff, A., & Ashby, D. (2014). *Balancing benefit and risk of medicines: a systematic review and classification of available methodologies*. John Wiley & Sons, Ltd."
"73964646-97b6-469f-9222-15df0eb9df6f","722_Pharmacoepidemiology and Drug - 2015 - Hallgreen - Literature review of visual representation of the results of benefit.pdf",,,,,"https://doi.org/10.1002/pds.3880","Hallgreen, C. E., et al. (2015). *Literature review of visual representation of the results of benefit -risk assessments of medicinal products*. John Wiley & Sons, Ltd."
"ea95151c-e72c-4072-9350-a535daae91c3","723_Pharmacoepidemiology and Drug - 2016 - Hughes - Recommendations for benefit risk assessment methodologies and visual.pdf",,,,,"https://doi.org/10.1002/pds.3958","Hughes, D., Waddingham, E., Mt-Isa, S., Goginsky, A., Chan, E., Downey, G. F., Hallgreen, C. E., Hockley, K. S., Juhaeri, J., Lieftucht, A., Metcalf, M. A., Noel, R. A., Phillips, L. D., Ashby, D., Micaleff, A., & PROTECT Benefit-Risk Group. (2016). *Recommendations for benefit-risk assessment methodologies and visual representations*. John Wiley & Sons, Ltd."
"ee1cf5ee-3dfe-4817-86c7-96a9ef3edfa8","724_Pharmacoepidemiology and Drug - 2024 - Kirchgesner - Strengthening Real‐World Evidence on Question Not Answered by.pdf",,,,,"https://doi.org/10.1002/pds.70008","Kirchgesner et al. (2024). *Strengthening Real- World Evidence on Question Not Answered by Randomized Trials: A Trial Calibration Approach*."
"a211ddda-1ccc-4d19-85b5-502f79f5d983","725_Pharmacoepidemiology and Drug - 2024 - Wang - Emulation of randomized trials of direct oral anticoagulants with claims data.pdf",,,,,"https://doi.org/10.1002/pds.5813","Wang, S. V., Lin, K. J., & Schneeweiss, S. (2024). *Emulation of randomized trials of direct oral anticoagulants with claims data and implications for new Factor XI inhibitors*. Pharmacoepidemiology and Drug Safety."
"daf30681-c44c-4a16-8bb9-00fc228a6179","726_ShahruletalReviewofmethodologiesforbenefitandriskassessmentofmedicationMay2013.pdf",,,,,"https://imi-protect-eu.cc.ic.ac.uk/documents/ShahruletalReviewofmethodologiesforbenefitandriskassessmentofmedicationMay2013.pdf","Mt-Isa, S., Wang, N., Hallgreen, C. E., Callréus, T., Genov, G., Hirsch, I., Hobbiger, S., Hockley, K. S., Luciani, D., Phillips, L. D., Quartey, G., Sarac, S. B., Stoeckert, I., Micaleff, A., Ashby, D., & Tzoulaki, I. (2013). *Review of methodologies for benefit and risk assessment of medication*."
"2e01d584-520e-49b6-8588-b0bafd71e32c","727_ciani-et-al-2021-validity-of-surrogate-endpoints-and-their-impact-on-coverage-recommendations-a-retrospective-analysis.pdf",,,,,"https://doi.org/10.1177/0272989x21994553","Ciani et al. (2021). *Validity of Surrogate Endpoints and Their Impact on Coverage Recommendations: A Retrospective Analysis across International Health Technology Assessment Agencies*."
"992b8c33-9781-4c42-86ec-a441f24f50cc","728_do-existing-real-world-data-sources-generate-suitable-evidence-for-the-hta-of-medical-devices-in-europe-mapping-and-critical-appraisal.pdf",,,,,"https://doi.org/10.1017/s0266462321000301","Pongiglione et al. (2021). *Do existing real-world data sources generate suitable evidence for the HTA of medical devices in Europe? Mapping and critical appraisal*. International Journal of Technology Assessment in Health Care."
"c2afb492-cf9b-41af-a68d-6984c4d8979b","730_franklin-et-al-emulating-randomized-clinical-trials-with-nonrandomized-real-world-evidence-studies.pdf",,,,,"https://doi.org/10.1161/circulationaha.121.055681","Franklin, J. M. et al. (2020). *Emulating Randomized Clinical Trials With Nonrandomized Real-World Evidence Studies: First Results From the RCT DUPLICATE Initiative*. American Heart Association, Inc."
"feca54c0-e19a-4fcb-aca8-ddbbfa7b1061","731_jama_wang_2023_oi_230035_1712598871.82677.pdf",,,,,"https://doi.org/10.1001/jama.2023.4221","Wang, S. V., Schneeweiss, S., & the RCT-DUPLICATE Initiative. (2023). *Emulation of Randomized Clinical Trials With Nonrandomized Database Analyses Results of 32 Clinical Trials*. JAMA."
"b80b6659-e1be-4785-9b49-c505d4ca343c","732_jama_wang_2024_vp_240022_1714069781.26642.pdf",,,,,"https://doi.org/10.1001/jama.2024.2988","Wang et al. (2024). *Data Checks Before Registering Study Protocols for Health Care Database Analyses*. JAMA."
"c9eb45fd-e80e-472d-b9ad-08c2cc22bc17","733_nihms-1069530.pdf",,,,,"https://doi.org/10.1002/cpt.1793","Franklin, J. M., Glynn, R. J., Suissa, S., & Schneeweiss, S. (2020). *Emulation differences versus biases when calibrating RWE findings against RCTs*. Clin Pharmacol Ther."
"adaceeed-a48f-4a7f-8966-410962e55b99","734_nihms-1666246.pdf",,,,,"https://doi.org/10.1161/circulationaha.121.055681","Franklin, J. M., et al. (2021). *Emulating randomized clinical trials with nonrandomized realworld evidence studies: First results from the RCT DUPLICATE initiative*. Circulation."
"6ce20ba4-b30e-471c-95c6-fc39f0ff07aa","735_nihpp-2023.07.13.23292601v1.pdf",,,,,"https://doi.org/10.1101/2023.07.13.23292601","Heyard et al. (2023). *Design differences explain variation in results between randomized trials and their non-randomized emulations*."
"9b06414b-e169-453f-a16c-f208dee09f2c","736_pkac049.pdf",,,,,"https://doi.org/10.1093/jncics/pkac049","Merola et al. (2022). *Real-World Evidence Prediction of a Phase IV Oncology Trial: Comparative Degarelix vs Leuprolide Safety*. Oxford University Press."
"fac52fd4-5823-4be3-a101-67a02045ce97","737_s10198-021-01334-9 (1).pdf",,,,,"https://doi.org/10.1007/s10198-021-01334-9","Federici et al. (2021). *Coverage with evidence development schemes for medical devices in Europe: characteristics and challenges*."
"c25f7dac-a69e-41ae-95bd-47e53ba053a5","738_s40273-020-00935-1.pdf",,,,,"https://doi.org/10.1007/s40273-020-00935-1","Grigore, B., Ciani, O., Dams, F., Federici, C., de Groot, S., Möllenkamp, M., Rabbe, S., Shatrov, K., Zemplenyi, A., & Taylor, R. S. (2020). *Surrogate Endpoints in Health Technology Assessment: An International Review of Methodological Guidelines*."
"7859b28a-58c5-41fe-9af5-c7207704feb3","75_s40801-021-00266-3.pdf","Japan","PhRMA Japan Medical AfairsCommittee Working Group","Current Status, Challenges, and Future Perspectives of Real‑World Data and Real‑World Evidence in Japan",2021,"https://link.springer.com/article/10.1007/s40801-021-00266-3","Hiramatsu et al. (2022). *Current Status, Challenges, and Future Perspectives of Real-World Data and Real-World Evidence in Japan*."
"da3b76b4-4028-4eac-b475-f68b52edbf9c","77_PIIS1098301522021532.pdf","Other","Joint ISPE/ISPOR Task Force ","HARmonized Protocol Template to Enhance Reproducibility of Hypothesis Evaluating Real-World Evidence Studies on Treatment Effects: A Good Practices Report of a Joint ISPE/ISPOR Task Force",2017,"https://pubmed.ncbi.nlm.nih.gov/36241338/","Value in Health. (2022). *HARmonized Protocol Template to Enhance Reproducibility of Hypothesis Evaluating Real-World Evidence Studies on Treatment Effects: A Good Practices Report of a Joint ISPE/ISPOR Task Force*."
"c5546f8c-f88e-4e2b-b075-9a625afd5413","78_rwe-data-treatment-comparative-effectiveness-guideline.pdf","Other","Joint ISPE/ISPOR Task Force ","Good Practices for Real-World Data Studies of Treatment and/or Comparative Effectiveness: Recommendations from the Joint ISPOR‐ISPE Special Task Force on Real‐World Evidence in Health Care Decision Making",2017,"https://doi.org/10.1002/pds.4297","Berger, M. L., et al. (2017). *Good Practices for Real-World Data Studies of Treatment and/or Comparative Effectiveness: Recommendations from the Joint ISPOR-ISPE Special Task Force on Real-World Evidence in Health Care Decision Making*. Value in Health."
"bcfffc3b-c535-49a3-abc4-2c4b1ae94c81","79_Pharmacoepidemiology and Drug - 2017 - Wang - Reporting to Improve Reproducibility and Facilitate Validity Assessment for.pdf","Other","Joint ISPE/ISPOR Task Force ","Reporting to Improve Reproducibility and Facilitate Validity Assessment for Healthcare Database Studies V1.0 ",2017,"https://pubmed.ncbi.nlm.nih.gov/28913963/","Wang, S. V., Schneeweiss, S., Berger, M. L., Brown, J., de Vries, F., Douglas, I., Gagne, J. J., Gini, R., Klungel, O., Mullins, C. D., Nguyen, M. D., Rassen, J. A., Smeeth, L., & Sturkenboom, M. (2017). *Reporting to Improve Reproducibility and Facilitate Validity Assessment for Healthcare Database Studies*. Pharmacoepidemiology & Drug Safety."
"6d0ed8ca-202a-4c43-8574-d540478c7581","7_54767258fnl.pdf","USA","FDA","Considerations for the Use of Real-World Data and Real-World Evidence To Support Regulatory Decision-Making for Drug and Biological Products (Industry)",2023,"https://www.fda.gov/media/171667/download","FDA. (2023). *Considerations for the Use of Real-World Data and Real-World Evidence to Support Regulatory Decision-Making for Drug and Biological Products*. U.S. Food and Drug Administration."
"4c0e224f-4aaf-4950-bb0d-43e53eadcbfb","80_rwe-healthcare-decision-making-guideline.pdf","Other","Joint ISPE/ISPOR Task Force ","Making Real-World Evidence More Useful for Decision making (editorial)",2017,"https://www.ispor.org/docs/default-source/strategic-initiatives/rwe-healthcare-decision-making-guideline.pdf?sfvrsn=56d9b92_2","Journal of Value Assessment. (2017). *Making Real-World Evidence More Useful for Decision Making*."
"25e98595-18e5-4e6a-b442-86082573ca13","81_Pharmacoepidemiology and Drug - 2015 -  - Guidelines for good pharmacoepidemiology practice  GPP.pdf","Other","Joint ISPE/ISPOR Task Force ","Guidelines for good pharmacoepidemiology practice (GPP)",2016,"https://pubmed.ncbi.nlm.nih.gov/26537534/","International Society of Pharmacoepidemiology. (2016). *Guidelines for good pharmacoepidemiology practice (GPP)*."
"c927d14e-4395-4ca2-acfa-724d98958082","84_ISPE_statement_on_RWE_Feb_2020_FINAL.pdf","Other","ISPE","ISPE Statement on Real-World Evidence (RWE)",2020,"https://pharmacoepi.org/pub/136DECF1-C559-BA4F-92C4-CF6E3ED16BB6","International Society for Pharmacoepidemiology. (2020). *ISPE'S POSITION ON REAL-WORLD EVIDENCE (RWE)*."
"b6704827-9073-4d49-aba2-aa865af1771c","85_ISPE_Comments_on_FDA_RWE_Framework_approved.pdf","Other","ISPE","ISPE Comments on the Framework for FDA's Real World Evidence Program",2020,"https://pharmacoepi.org/pub/FD498949-FDC8-7D05-0866-3A7FC06C7C9A","ISPE. (2019). *ISPE Comments on the Framework for FDA's Real World Evidence Program*. U.S. Food and Drug Administration."
"40cd2d2e-3285-4a96-b4d7-3606f3bba492","86_ISPE_Commentary_to_HMA-EMA_Big_Data_Task_Force.pdf","Other","ISPE","ISPE's Comments on the Core Recommendations in the Summary of the Heads of Medicines Agencies (HMA) - EMA Joint Big Data Task Force 2020",2020,"https://pharmacoepi.org/pub/F2B27224-B9E2-3FEB-C33B-12D38B258782","ISPE. (*The International Society for Pharmacoepidemiology's Comments on the Core Recommendations in the Summary of the Heads of Medicines Agencies (HMA) - EMA Joint Big Data Task Force*). European Medicines Agency."
"e023b9f6-9936-4d00-a375-a16cb8845a40","8_55626970fnl.pdf","USA","FDA","Digital Health Technologies for Remote Data Acquisition in Clinical Investigations (Industry, Investigators, and Other Stakeholders)",2023,"https://www.evidencebaseonline.com/fda-unveils-new-guidance-on-use-of-digital-health-technologies-for-remote-data-acquisition-in-clinical-trials/","FDA. (2023). *Digital Health Technologies for Remote Data Acquisition in Clinical Investigations: Guidance for Industry, Investigators, and Other Stakeholders*. U.S. Food and Drug Administration."
"26ec36f1-47da-465c-b6b9-3bc457366799","8th_Friends-Alexandria_RWE_2.pdf",,,,,"https://friendsofcancerresearch.org/wp-content/uploads/8th_Friends-Alexandria_RWE_2.pdf","Friends of Cancer Research. (2019). *8th Annual Blueprint for Breakthrough Forum Validating Real-World Endpoints for an Evolving Regulatory Landscape*."
"6a6689e8-641c-439b-bf92-db8351c7183c","90_1-s2.0-S0264410X17308101 (1).pdf","Other","CIOMS","Guide to active vaccine safety surveillance: Report of CIOMS working group on vaccine safety - executive summary",2017,"https://doi.org/10.1016/j.vaccine.2017.06.033","Heininger, U., Holm, K., Caplanusi, I., & Bailey, S. R. (2017). *Guide to active vaccine safety surveillance: Report of CIOMS working group on vaccine safety - executive summary*. Vaccine."
"683bd02b-977b-4cd8-abc7-62b6db5529d9","91_1-s2.0-S0002870317301503.pdf","Other","Cardiac safety research consortium","Use of endpoint adjudication to improve the quality and validity of endpoint assessment for medical device development and post marketing evaluation: Rationale and best practices. A report from the cardiac safety research consortium",2017,"https://doi.org/10.1016/j.ahj.2017.05.009","Seltzer, J. H. et al. (2017). *Use of endpoint adjudication to improve the quality and validity of endpoint assessment for medical device development and post marketing evaluation: Rationale and best practices. A report from the cardiac safety research consortium*. Am Heart J."
"b6ae45a9-9ab5-40a9-9594-6bca6c6cf1b4","92_1-s2.0-S089543561730776X.pdf","Other","GetReal ","Series: Pragmatic trials and real world evidence: Paper 8. Data collection and management",2017,"https://doi.org/10.1016/j.jclinepi.2017.07.003","Meinecke, A.-K., Welsing, P., Kafatos, G., Burke, D., Trelle, S., Kubin, M., Nachbaur, G., Egger, M., & Zuidgeest, M. (2017). *Pragmatic trials and real world evidence: Paper 8. Data collection and management*. Journal of Clinical Epidemiology."
"9dc84d3e-11e8-41fa-9232-debc44fd200a","93_1-s2.0-S109830152300061X.pdf","Europe","EUreccA","Data Governance for Real-World Data Management: A Proposal for a Checklist to Support Decision Making",2023,"https://doi.org/10.1016/j.jval.2023.02.012","Solà-Morales et al. (2023). *Data Governance for Real-World Data Management: A Proposal for a Checklist to Support Decision Making*. Value in Health."
"60907aea-d40d-405a-b84f-18e6b3852be8","94_1-s2.0-S0895435624003019.pdf","Canada","Canadian Agency for Drugs and Technologies in Health","Development of a Canadian Guidance for reporting real-world evidence for regulatory and health-technology assessment (HTA) decision-making",2024,"https://doi.org/10.1016/j.jclinepi.2024.111545","Journal of Clinical Epidemiology. (2024). *Development of a Canadian Guidance for reporting real-world evidence for regulatory and health-technology assessment (HTA) decision-making*."
"9ee597c7-c53d-44f3-ab8f-8459a0424fa5","95_1-s2.0-S1098301519321448.pdf","Other","ISPOR/FDA","ISPOR, the FDA, and the Evolving Regulatory Science of Medical Device Products",2019,"https://doi.org/10.1016/j.jval.2019.03.020","Value in Health. (2019). *ISPOR, the FDA, and the Evolving Regulatory Science of Medical Device Products*."
"234d448f-f0c3-47a9-b209-94704ff19ddc","96_1-s2.0-S1098301524028420.pdf","Other","GetReal","Analytical Methods for Comparing Uncontrolled Trials With External Controls From Real-World Data: A Systematic Literature Review and Comparison With European Regulatory and Health Technology Assessment Practice",2025,"https://doi.org/10.1016/j.jval.2024.08.002","Hogervorst et al. (2025). *Analytical Methods for Comparing Uncontrolled Trials With External Controls From Real-World Data: A Systematic Literature Review and Comparison With European Regulatory and Health Technology Assessment Practice*. Value in Health."
"b835f01a-f6ae-4a5a-b7c2-1b3a6115b41c","978-3-032-05559-0_33.pdf",,,,,"https://doi.org/10.1007/978-3-032-05559-0_33","Kamran et al. (2024). *LesiOnTime - Joint Temporal and Clinical Modeling for Small Breast Lesion Segmentation in Longitudinal DCE-MRI*."
"d4e94605-2e4f-4f41-a4e0-80060c525111","97_1-s2.0-S1098301525019679.pdf","Other","ISPOR","Research Method, Conduct, and Reporting Considerations for Improving the Quality of Non-Hypothesis-Evaluating Treatment Effectiveness Analyses Using Real-World Data: An ISPOR Special Interest Group Report",2025,"https://doi.org/10.1016/j.jval.2025.02.017","Value in Health. (2025). *Research Method, Conduct, and Reporting Considerations for Improving the Quality of Non-Hypothesis-Evaluating Treatment Effectiveness Analyses Using Real-World Data: An ISPOR Special Interest Group Report*."
"3dc4b1d2-c000-4237-bf17-d8b8a8a7bca8","98_1-s2.0-S1359644624003817-main.pdf","Netherlands","Regulatory Science Network Netherlands","Learning from European regulator-initiated studies for regulatory decision making",2025,"https://doi.org/10.1016/j.drudis.2024.104256","Verweij, S., Weemers, J., Jonker, C., & Pasmooij, A. M. G. (2024). *Learning from European regulator-initiated studies for regulatory decision making*."
"709546a0-c73a-4536-bcd8-50b74c0df699","99_10.1177@0098858818789429.pdf","USA","United States 21st Century Cures Act","Real-World Data Analytics Fit for Regulatory Decision-Making",2018,"https://doi.org/10.1177/0098858818789429","Schneeweiss & Glynn. (*Real-World Data Analytics Fit for Regulatory Decision-Making*)."
"24898015-85ba-4b06-b738-9f71c2041e9e","9_34957138fnl09-06-22.pdf","USA","FDA","Submitting Documents Using Real-World Data and Real-World Evidence to FDA for Drug and Biological Products (Industry)",2022,"https://www.fda.gov/regulatory-information/search-fda-guidance-documents/submitting-documents-using-real-world-data-and-real-world-evidence-fda-drug-and-biological-products","FDA. (2022). *Submitting Documents Using Real-World Data and Real-World Evidence to FDA for Drug and Biological Products*. U.S. Food and Drug Administration."
"82ab3de5-37de-4957-a255-cbeba095f14e","A Bias in the Evaluation of Bias Comparing Randomized Trials.pdf",,,,,"https://doi.org/10.1515/em-2016-0018","Franklin, J. M., et al. (2017). *A Bias in the Evaluation of Bias Comparing Randomized Trials with Nonexperimental Studies*. Epidemiol Methods."
"230ea8e1-006e-4a0d-a745-cac937852121","A cohort description and comparison of four European national diabetes registries for the REDDIE project.pdf",,,,,"https://doi.org/10.1111/dme.70112","Thomas, J. J. C. et al. (2025). *A cohort description and comparison of four European national diabetes registries for the REDDIE project*. Diabetic Medicine."
"30af8b8a-a7f0-4f47-91c5-aad673bf5c80","A systematic review of economic evaluations of pharmacological treatments for active tuberculosis.pdf",,,,,"https://doi.org/10.3389/fpubh.2024.1201512","Nagar, S., Nicholls, D., & Dawoud, D. (2024). *A systematic review of economic evaluations of pharmacological treatments for active tuberculosis*. Front. Public Health."
"0bdd2084-f81a-478d-b345-8b91e1e3d767","AD-RIDDLE Project.pdf",,,,,"https://doi.org/10.14283/jpad.2024.32","Malzbender, K., Barbarino, P., Barkman Ferrell, P., Bradshaw, A., Brookes, A.J., Díaz, C., van der Flier, W.M., Georges, J., Hansson, O., Hartmanis, M., Jönsson, L., Krishnan, R., MacLeod, T., Mangialasche, F., Mecocci, P., Minguillon, C., Middleton, L., Pla, S., Sardi, S.P., Schöll, M., Suárez-Calvet, M., Weidner, W., Visser, P.J., Zetterberg, H., Bose, N., Solomon, A., Kivipelto, M. on behalf of the AD-RIDDLE Consortium. (2023). *Validation, Deployment, and Real-World Implementation of a Modular Toolbox for Alzheimer's Disease Detection and Dementia Risk Reduction: The AD-RIDDLE Project*."
"2bb63900-538e-415f-a3c5-08ea3057d5e5","Actions-for-stakeholders-to-develop-better-real-world-evidence-for-hta-bodiespayers-decision-making.pdf",,,,,"https://doi.org/10.1017/s0266462325100238","Jaksa, A. A., et al. (2025). *Actions for stakeholders to develop better real-world evidence for HTA bodies/payers decision making*. International Journal of Technology Assessment in Health Care."
"62fd110a-953a-49f6-9b02-2066b2ae0139","Adult_Glioma_Segmentation_in_Sub-Saharan_Africa_us.pdf",,,,,"https://doi.org/10.48550/arXiv.2412.04111","Parida et al. (2024). *Adult Glioma Segmentation in Sub-Saharan Africa using Transfer Learning on Stratified Finetuning Data*."
"32984014-0dce-434b-8249-9906479020f1","Analytical-Methods-for-Comparing-Uncontrolled-Trials-With-External-Controls-From-Real-World-Data_-A-Systematic-Literature-Review-and-Comparison-With-European-Regulatory-and-HTA-Practice.pdf",,,,,"https://doi.org/10.1016/j.jval.2024.08.002","Hogervorst, M. A., Soman, K. V., Gardarsdottir, H., Goettsch, W. G., & Bloem, L. T. (2024). *Analytical Methods for Comparing Uncontrolled Trials With External Controls From Real-World Data: A Systematic Literature Review and Comparison With European Regulatory and Health Technology Assessment Practice*. Value in Health."
"cac04393-e970-47a6-9464-72b585e40f86","Antoine-2025-Enhancing confidence in complex h.pdf",,,,,"https://doi.org/10.1186/s12874-025-02683-2","Antoine, A., Desroziers, K., Dupin, J., Pérol, D., & Choquet, R. (2025). *Enhancing confidence in complex health technology assessments by using real-world evidence: highlighting existing strategies for effective drug evaluation*."
"7e45f097-b883-43f3-aaac-5cccd8d2d575","Assessing, Pricing and Funding Point-of-Care Diagnostic Tests.pdf",,,,,"https://doi.org/10.3390/antibiotics11080987","Vogler, S., & Windisch, F. (2022). *Assessing, Pricing and Funding Point-of-Care Diagnostic Tests for Community-Acquired Acute Respiratory Tract Infections-Overview of Policies Applied in 17 European Countries*. Antibiotics."
"1f097e0f-fec7-4e8c-b086-99c17ef4e685","Automated monitoring of Mycobacterium population growth in time-lapse.pdf",,,,,"https://doi.org/10.1016/j.engappai.2025.112503","Visuña et al. (2023). *Automated monitoring of Mycobacterium population growth in time-lapse microscopy with Deep Learning pseudo-supervised algorithm*. Engineering Applications of Artificial Intelligence."
"b6901300-23d1-4fd9-9a1d-0ccb6f7400ef","Balocco-2025-Strengthening Signal Detection in.pdf",,,,,"https://doi.org/10.1007/s40264-025-01620-y","World Health Organization. (2025). *Strengthening Signal Detection in Pharmacovigilance by Using International Nonproprietary Name (INN) Stems*."
"6a798cc7-6cfe-4dca-9c6d-97eeb0616845","Bertelsen-2025-Patient Engagement and Patient.pdf",,,,,"https://doi.org/10.1007/s43441-025-00770-6","Bertelsen et al. (2025). *Patient Engagement and Patient Experience Data in Regulatory Review and Health Technology Assessment: Where Are We Today?*."
"9be42462-c466-4101-a957-13ea12e4a5a4","Bioengineering   Transla Med - 2025 - Alfano - Patient‐specific visco‐hyperelastic mechanical model for breast tumor.pdf",,,,,"https://doi.org/10.1002/btm2.70044","Alfano, F., & Ledesma-Carbayo, M. J. (2025). *Patient-specific visco-hyperelastic mechanical model for breast tumor localization in surgical planning*. Bioengineering & Translational Medicine."
"9f27f669-f51b-4033-8dff-9717a3bfc471","Brewer-2025-The UK early access to medicines s.pdf",,,,,"https://doi.org/10.1017/s0266462325100421","Brewer, C. F. (2025). *The UK early access to medicines scheme: uptake, approvals, and reimbursement*. International Journal of Technology Assessment in Health Care."
"023d02b4-2f1a-4895-a456-e227c18a7ce3","Building_Holistic_View_Patient-Focused_Evidence.pdf",,,,,"https://healthpolicy.duke.edu/sites/default/files/2025-07/Building_Holistic_View_Patient-Focused_Evidence.pdf","Rodriguez et al. (*Building a Holistic View for Patient-Focused Evidence: A Policy Framework for High Quality Source Data Collection, Curation, and Linkage*)."
"0e38598b-1415-402a-9716-4178bc056f45","CIOMSGlossary-v24_9Feb2026.pdf",,,,,"https://doi.org/10.56759/ocef1297","CIOMS. (2026). *CIOMS cumulative glossary with a focus on pharmacovigilance*. Council for International Organizations of Medical Sciences (CIOMS)."
"6281b5a4-d7f5-4668-897e-284efaa50f96","CIOMS_ICHglossary_V9_9December2025.pdf",,,,,"https://doi.org/10.56759/eftb6868  ","CIOMS. (2025). *Glossary of ICH terms and definitions*. International Council for Harmonisation of Technical Requirements for Pharmaceuticals for Human Use."
"bc2aab04-ddc6-4c67-a8c0-574d6e6fcbb6","COMED_2021_Reckers-Droog_Challenges with coverage with evidence development schemes for medical devices_2020.pdf",,,,,"https://doi.org/10.1016/j.hlpt.2020.02.006","Reckers-Droog, V., Federici, C., Brouwer, W., & Drummond, M. (2020). *Challenges with coverage with evidence development schemes for medical devices: A systematic review*. Health Policy and Technology."
"b3d80d1e-6bdd-485c-af7a-2fd52af4c46b","CPT-117-368.pdf",,,,,"https://doi.org/10.1002/cpt.3457","Beck, A. E., et al. (2024). *Collaborative Real-World Evidence Among Regulators: Lessons and Perspectives*."
"cfca4fc7-5932-4376-a63a-6650deee2c03","CPT-118-551.pdf",,,,,"https://doi.org/10.1002/cpt.3733","Plueschke et al. (2024). *Optimizing Patient Registries for Regulatory Decision Making - Key Learnings From an HMA/EMA Multistakeholder Workshop*."
"9985fb56-8c52-4795-92de-1628a0562b1e","CPT-118-649.pdf",,,,,"https://doi.org/10.1002/cpt.3713","Candore et al. (2024). *FRAME: Framework for Real-World Evidence Assessment to Mitigate Evidence Uncertainties for Efficacy/Effectiveness An Evaluation of Regulatory and Health Technology Assessment Decision Making*."
"029bc137-09a0-43dc-97a4-84e5a62ea2fa","CPT-118-894.pdf",,,,,"https://doi.org/10.1002/cpt.3746","Zebachi, S., Tanniou, J., Bakker, E., de Vries, S. T., Di Bidino, R., Xoxi, E., Glaser, A., Savarese, G., Hillert, J., Mol, P. G. M., Plueschke, K., Amzal, B., Hayek, G. Y., & Moreira, J. (2023). *Navigating the Real World: A Scoping Review of Structured Frameworks to Effectively Identify, Evaluate, and Select Real-World Data Sources for Fit-for-Purpose Studies*."
"110f8738-12fb-4099-a22c-6ef55892ba09","CTS-18-e70117.pdf",,,,,"https://doi.org/10.1111/cts.70117","Chen, J., Di, J., Daizadeh, N., Lu, Y., Wang, H., Shen, Y.-L., Kirk, J., Rockhold, F. W., Pang, H., Zhao, J., He, W., Potter, A., & Lee, H. (2025). *Decentralized Clinical Trials in the Era of Real-World Evidence: A Statistical Perspective*. Clinical and Translational Science."
"0973bd5a-f356-4735-aede-871ab830ea4b","Cars-2019-A framework for monitoring of new dr_1.pdf",,,,,"https://doi.org/10.1080/03009734.2018.1550454","Cars et al. (2018). *A framework for monitoring of new drugs in Sweden*."
"a5f17443-047a-4776-9521-5fb792e46a6c","Challenges of Estimating Global Feature Importance in RealWorld Health Care Data_Stud Health Technol Inform_2023.pdf",,,,,"https://doi.org/10.3233/shti230346","Markus, A. F., Fridgeirsson, E. A., Kors, J. A., Verhamme, K. M. C., & Rijnbeek, P. R. (2023). *Challenges of Estimating Global Feature Importance in Real-World Health Care Data*. IOS Press."
"bf0d891b-9ca1-4fe9-bd75-7236e30937cf","Chan-2025-Development of a framework on the in_2.pdf",,,,,"https://doi.org/10.1136/bmjopen-2024-096286","Chan et al. (2025). *Development of a framework on the incorporation of real-world evidence (RWE) into cancer drug funding decisions in Canada: the Canadian Realworld Evidence for Value of Cancer Drugs (CanREValue) collaboration*. BMJ Open."
"801eeb65-d60a-4d65-98e4-d82512afcb86","Citizen-centric Real-World Data.pdf",,,,,,"Hygiaso. (2024). *Hygiaso Demonstrates Citizen-Centric Health Data Innovation with Shareguard Health*."
"6f39754b-55fd-45ba-af8c-bfae34b68095","Clin Pharma and Therapeutics - 2025 - Arena -.pdf",,,,,"https://doi.org/10.1002/cpt.70105","Arena et al. (2024). *Information Bias in Electronic Health Records and Administrative Claims Data: A Targeted Review of the Recent Literature*."
"1f358b99-3b4a-43cb-adbb-dae77fdb545a","Clin Pharma and Therapeutics - 2025 - Chen - U.pdf",,,,,"https://doi.org/10.1002/cpt.3576","Chen et al. (2024). *Use of Real-World Data and Real-World Evidence in Rare Disease Drug Development: A Statistical Perspective*."
"b1cd0506-2d0f-40dd-aafc-0bb04487dd14","Clin Pharma and Therapeutics - 2025 - Wang - A Benchmark  Expand  and Calibration  BenchExCal  Trial Emulation Approach for.pdf",,,,,"https://doi.org/10.1002/cpt.3621","Wang et al. (2025). *A Benchmark, Expand, and Calibration (BenchExCal) Trial Emulation Approach for Using Real- World Evidence to Support Indication Expansions: Design and Process for a Planned Empirical Evaluation*."
"8f03bbfb-11d4-4113-a1a0-422a36d878ae","Clin Pharma and Therapeutics - 2025 - Zebachi - Navigating the Real World  A Scoping Review of Structured Frameworks to.pdf",,,,,"https://doi.org/10.1002/cpt.3746","Zebachi, S., Tanniou, J., Bakker, E., de Vries, S. T., Di Bidino, R., Xoxi, E., Glaser, A., Savarese, G., Hillert, J., Mol, P. G. M., Plueschke, K., Amzal, B., Hayek, G. Y., & Moreira, J. (2023). *Navigating the Real World: A Scoping Review of Structured Frameworks to Effectively Identify, Evaluate, and Select Real- World Data Sources for Fit- for- Purpose Studies*."
"bdeeb734-a82b-4128-863e-bc8495beaddb","Clin Pharma and Therapeutics - 2026 - Htoo - Post hoc Population Standardization of Trial Emulation Studies in Claims Data .pdf",,,,,"https://doi.org/10.1002/cpt.70241","Htoo, P. T., Patorno, E., Schneeweiss, S., & Wang, S. V. (*Post hoc Population Standardization of Trial Emulation Studies in Claims Data: An RCT- DUPLICATE Analysis*)."
"943cc999-95a1-480c-970a-3662df9a5d64","Clin Pharma and Therapeutics - 2026 - Weberpals - Emulating Comparative Oncology Trials With Real‐World Evidence Studies .pdf",,,,,"https://doi.org/10.1002/cpt.70208","Weberpals et al. (2024). *Emulating Comparative Oncology Trials With Real-World Evidence Studies (ENCORE): Process Development and Methodological Considerations for Oncology Real-World Data*."
"36b17489-6b18-4ca8-83e5-85f087836858","Clin-Pharma-and-Therapeutics-2024-Jansen-Real‐World-Evidence-to-Inform-Regulatory-Decision-Making-A-Scoping-Review.pdf",,,,,"https://doi.org/10.1002/cpt.3218","Jansen et al. (2023). *Real-World Evidence to Inform Regulatory Decision Making: A Scoping Review*."
"575b1468-fa44-45d5-8bde-9cdd54be917b","Clinical Translational Sci - 2023 - Moraga - Academia and industry agreement on a feasibility tool for first‐time‐in‐human.pdf",,,,,"https://doi.org/10.1111/cts.13655","Moraga et al. (2023). *Academia and industry agreement on a feasibility tool for first-time-in-human clinical trial units*. Clinical and Translational Science."
"f93395d7-cf6d-45d5-86d2-73b403bbb973","Clinical Translational Sci - 2025 - Depner - Key Stakeholders  Knowledge  Opinions  and Interests on Real‐World Evidence in.pdf",,,,,"https://doi.org/10.1111/cts.70454","Depner, F. L., Russek, M., Röthlein, C., Becker, C., Peltner, J., Pfeifer, K., Reviers, E., De Valck, D., Wicherski, J., Hartikainen, S., Tolppanen, A.-M., & Haenisch, B. (2025). *Key Stakeholders' Knowledge, Opinions, and Interests on Real- World Evidence in the Regulatory Process-Results of an EU- Wide Survey*. Clinical and Translational Science."
"d694e092-0d12-4b43-ac8a-fc18be96bfeb","D2.1 First list of priority Real World.pdf",,,,,,"ROADMAP Consortium. (2017). *First list of priority Real World Evidence relevant outcomes for AD*."
"d44bd812-fb11-423f-99d7-96579025b01e","D2.1 Literature review and classification of digital health.pdf",,,,,,"INSAFEDARE Project Partners. (2024). *Literature review and classification of digital health applications*."
"d851403b-fe5a-4f9a-b840-64658c4e2747","D2.1._Implementation_of_HFS-TB_in_a_BSL3_setting_in_Europe.pdf",,,,,"https://era4tb.org/wp-content/uploads/2022/12/D2.1._Implementation_of_HFS-TB_in_a_BSL3_setting_in_Europe.pdf","García, S. R., Quintana, A. L., Aguilar Ayala, D. A., Bailó Vergara, R., Rabodoarivelo, S., and Sanz García, F. (2024). *Implementation of the HFS-TB in a BSL-3 setting in Europe*."
"7ea2ac6b-5d76-470c-b46e-f9dc307f59c0","D2.3 Stakeholder generated lists of.pdf",,,,,"https://roadmap-alzheimer.org/wp-content/uploads/2018/07/ROADMAP_D2.3D2.4.pdf","ROADMAP Consortium. (*Stakeholder generated lists of priority RWE relevant outcomes and Disease progression and outcomes classification matrix*)."
"f9af4ca3-6410-43e0-9b2b-633b3d659334","D2.3_Cybersecurity-DHTs-the-EHDS-and-EDiHTA_v02-FINAL.pdf",,,,,"https://edihta-project.eu/wp-content/uploads/sites/80/2026/01/D2.3_Cybersecurity-DHTs-the-EHDS-and-EDiHTA_v02-FINAL.pdf","EDiHTA. (2024). *Cybersecurity; DHTs, the EHDS and EDiHTA: WP 2 - Data security and privacy policy requirements for EDiHTA*. European Union."
"889bc872-6c71-4c55-86f5-5a1cad917260","D2.5 Summary of gaps between data.pdf",,,,,"https://roadmap-alzheimer.org/wp-content/uploads/2018/10/D2.5-Summary-of-gaps-between-data-requirements-and-currently-available-data.pdf","ROADMAP Consortium. (2018). *Summary of gaps between data requirements and currently available data*."
"c7535a0b-70cd-4bc1-95a3-c398191077e8","D3.1 Initial Overview of potential data.pdf",,,,,"https://roadmap-alzheimer.org/wp-content/uploads/2017/05/116020_ROADMAP_D3.1_Overview-of-potential-data-sources.pdf","ROADMAP Consortium. (2024). *Initial Overview of potential data sources with RWE data in Europe*."
"70646e2e-bdae-456f-9204-5da10c594094","D3.1_First-report-mouse-models_WEB.pdf",,,,,"https://era4tb.org/wp-content/uploads/2022/02/D3.1_First-report-mouse-models_WEB.pdf","Brosch et al. (2021). *First Report on implementation of selected mouse models for in vivo evaluation of drug candidates*."
"2b6fb6a2-726f-46c2-a0f8-6d4111b61583","D3.2 First report on proof of concept.pdf",,,,,"https://roadmap-alzheimer.org/wp-content/uploads/2018/02/116020_ROADMAP_D3.2_First-report-on-PoC-technical-solutions_v4.pdf","ROADMAP Consortium. (*First report on proof of concept technical solutions for RWE data harmonisation and integration*)."
"35f2e289-155f-4f76-9bdb-9cfe39cf5994","D3.3 Update of potential data.pdf",,,,,"https://roadmap-alzheimer.org/wp-content/uploads/2018/10/D3.3-Update-of-potential-data-sources-with-RWE-data-in-Europe.pdf","ROADMAP Consortium. *Update of potential data sources with RWE data in Europe*."
"c69cc46d-10b4-4224-948a-1823b373b190","D3.4 Final report on proof of concept.pdf",,,,,"https://roadmap-alzheimer.org/wp-content/uploads/2018/10/D3.4_Final-report-on-PoC-technical-solutions_v5.0.pdf","ROADMAP Consortium. (*Final report on proof of concept technical solutions for RWE data harmonisation and integration*)."
"566f3ab3-dea3-4320-ab12-35a5e552e202","D3.5 Guidelines for use of smart devices as a measure of RWE.pdf",,,,,"https://roadmap-alzheimer.org/wp-content/uploads/2018/11/ROADMAP_Deliverable-Report-3.5-final.pdf","ROADMAP Consortium. (2024). *Guidelines for use of smart devices as a measure of RWE*."
"2859caaf-f822-4c72-9544-3f9515c910aa","D3.6 Guidelines for combining RCT, cohort, and .pdf",,,,,"https://roadmap-alzheimer.org/wp-content/uploads/2018/10/116020_ROADMAPD3.6-Guidelines-for-combining-RCT-cohort-and-EHR%E2%80%90based-data-for-RWE-in-AD.pdf","ROADMAP Consortium. (2024). *Guidelines for combining RCT, cohort, and EHR-based data for RWE in AD*."
"13c66ea7-3b0d-4f06-995f-9519dec9e684","D4.1 Catalogue of RWE relevant AD models.pdf",,,,,"https://roadmap-alzheimer.org/wp-content/uploads/2018/09/116020_ROADMAP_D4.1_Catalogue-of-RWE-relevant-AD-models-and-simplistic-disease-stage-framework.pdf","ROADMAP Consortium. (2016). *Catalogue of RWE relevant AD models and simplistic disease stage framework*."
"ded2de09-da55-4629-b746-82cebbb746a0","D4.1 Data Management Plan.pdf",,,,,"https://doi.org/10.3030/101112135","IDERHA Consortium. (2023). *Integration of heterogeneous Data and Evidence towards Regulatory and HTA Acceptance: Data Management Plan*."
"cc637ce8-6a64-411d-987b-5968a8388132","D4.2_Implementation_of_PKPD_MALDI-MS_imaging_to_analyses_infected_tissue_submitted.pdf",,,,,"https://era4tb.org/wp-content/uploads/2022/12/D4.2_Implementation_of_PKPD_MALDI-MS_imaging_to_analyses_infected_tissue_submitted.pdf","Gaudin et al. (2021). *Implementation of PK/PD MALDI-MS imaging to analyses infected tissue*."
"12ca35b6-193c-45ce-845d-ea10099e8589","D4.3 Selection of appropriate disease .pdf",,,,,"https://roadmap-alzheimer.org/wp-content/uploads/2018/11/ROADMAP_Deliverable-4.3_final.pdf","ROADMAP Consortium. (2017). *Selection of appropriate disease models for validation*."
"b47fde66-6def-4d6c-97b5-948e38865eef","D4.4 Results from pilot model validation .pdf",,,,,"https://roadmap-alzheimer.org/wp-content/uploads/2018/12/ROADMAP_D4.4_v1.3.pdf","ROADMAP Consortium. (2024). *Results from pilot model validation exercises*."
"005d77be-53d5-41bd-ae2c-81eeab73e437","D4.5 Report on results from.pdf",,,,,"https://roadmap-alzheimer.org/wp-content/uploads/2018/05/ROADMAP_D4.5_V3.0.pdf","ROADMAP Consortium. (2023). *Report on results from 'hypothesis-free' disease trajectory analyses*."
"9ee4e2ac-726b-4ed6-8462-fb08e93da45d","D4.6 Report on results from analysis of.pdf",,,,,"https://roadmap-alzheimer.org/wp-content/uploads/2018/12/D4.6_Report-on-results-from-analysis-of-pharmacological-interventions_v4.0.pdf","ROADMAP Consortium. (2024). *Report on results from analysis of pharmacological interventions*."
"47da5e01-2333-46b9-8852-65dfce5c9422","D4.7 Recommendations for the.pdf",,,,,,"ROADMAP Consortium. (2018). *Recommendations for the development/interpretation of RWE AD models*."
"eb67369d-4c6f-445b-b7eb-9a6572931c79","D5.1 Structured review of existing health economic.pdf",,,,,"https://ec.europa.eu/research/participants/documents/downloadPublic?documentIds=080166e5b92546ee&appId=PPGMS","ROADMAP Consortium. (2023). *Structured review of existing health economic models, resource use, costs and health-related quality of life across the full spectrum of Alzheimer's disease and dementia*."
"831aac9e-da2b-4d48-9949-d038f44b814c","D5.3 Mapping algorithms from real world.pdf",,,,,"https://ec.europa.eu/research/participants/documents/downloadPublic?documentIds=080166e5c017bde3&appId=PPGMS","ROADMAP Consortium. (2024). *Mapping algorithms from real world outcomes to preference based measures: QoL-AD to EQ-5D*."
"567b3025-ed4a-4808-bc1e-317b09169515","D5.4 Economic evaluation of new.pdf",,,,,"https://ec.europa.eu/research/participants/documents/downloadPublic?documentIds=080166e5c0531b0a&appId=PPGMS","ROADMAP Consortium. (2024). *Economic evaluation of new technologies for use in Alzheimer's disease: a model specification guide*."
"f00d3aef-063e-483e-a273-1d3747e1ef90","D6.1 Interim report on the EXAG.pdf",,,,,,"ROADMAP Consortium. (2018). *Interim report on the EXAG activities and outputs*. Innovative Medicines Initiative Joint Undertaking."
"7fe1f907-5b5a-469c-820d-7f6826d65748","D6.2 Regulatory and HTA.pdf",,,,,"https://doi.org/10.3389/fmed.2019.00073","Dekker, M. J. H. J., Bouvy, J. C., O'Rourke, D., Thompson, R., Makady, A., Jonsson, P., Luijendijk, H. J., & Gispen-de Wied, C. C. (2024). *Alignment of European regulatory and health technology assessments: a review of licensed products for Alzheimer's disease*."
"c837fd4b-d869-4fb2-b464-6a69ef23f624","D6.3 Guiding principles and.pdf",,,,,,"ROADMAP Consortium. (2018). *Guiding principles and recommendations for the development and incorporation of RWE into clinical and market access development plans for AD*."
"0b57061b-55fb-47b5-b0e0-b867d029a57f","D6.5 Recommendations on policies to support the acceptance of heterogeneous health data research in regulatory and HTA decision-making FINALv2.pdf",,,,,"https://doi.org/10.3030/101112135","IDERHA. (2024). *Integration of heterogeneous Data and Evidence towards Regulatory and HTA Acceptance: Recommendations on policies to support the acceptance of heterogeneous health data research in regulatory and HTA decision-making*."
"d4f51473-d4ec-4166-addf-e5051d301de8","D7.5 Final report on dissemination.pdf",,,,,"https://roadmap-alzheimer.org/wp-content/uploads/2018/10/116020_ROADMAP_D7.5-Final-report-on-dissemination-activities-including-impact-measures-and-project-tools-developed-_v1.3.pdf","ROADMAP Consortium. (2018). *Final report on dissemination activities (including impact measures) and project tools developed*."
"dfc32bf9-6193-4da4-ad38-8be153db2baa","D8.1 Review of ELSI issues in RWE.pdf",,,,,"https://roadmap-alzheimer.org/wp-content/uploads/2018/08/116020_ROADMAP_D8.1_Review-of-ELSI-issues-in-RWE-approach.pdf","ROADMAP Consortium. (2017). *Review of ELSI issues in RWE approach*."
"78042454-910b-4f4a-ba7b-7693e41e53f5","D8.1_Project-Handbook_v1.2_Final_WEB.pdf",,,,,"https://doi.org/10.3030/853989","IMI2. (*European Regimen Accelerator for Tuberculosis (ERA4TB) Project Handbook*). Innovative Medicines Initiative Joint Undertaking."
"de6c0768-5c24-45a0-833a-57e69201ce72","D8.3 Brief on findings of ELSI focus.pdf",,,,,"https://roadmap-alzheimer.org/wp-content/uploads/2018/11/ROADMAP_D8.3_ELSI_Focus_Groups_v4.0.pdf","ROADMAP Consortium. (2018). *Brief on findings of ELSI focus groups for a RWE approach to AD*."
"f2ecea10-3915-4790-804c-44d7d65eeaa9","D8.4 Landscaping paper on ethics of.pdf",,,,,,"ROADMAP Consortium. (2018). *Landscaping paper on ethics of outcome prioritisation in AD treatment*."
"72f10297-a5f9-40f8-84c7-1e5aa10b4003","D8.5 Final report on requirements for.pdf",,,,,"https://ec.europa.eu/research/participants/documents/downloadPublic?appId=PPGMS&documentIds=080166e5bef32830","ROADMAP Consortium. (2018). *Final report on requirements for ELSI framework for a RWE approach in AD*."
"7a0c3c0b-420d-4701-beb5-b4d1033df814","DARWIN EUR Comparing direct and indirect methods to estimate prevalence of chronic diseases using realworld data.pdf",,,,,"https://catalogues.ema.europa.eu/node/3989/administrative-details","DARWIN EU. (2024). *Comparing direct and indirect methods to estimate prevalence of chronic diseases using real-world data*. European Medicines Agency."
"fbfd4fd3-dc2d-4972-b736-182c6f73a3f2","Data & Digital Report PDF_2.pdf",,,,,,"Innovative Health Initiative. (2024). *IHI workshop on real-world data, digital health & artificial intelligence*. Innovative Health Initiative."
"268117a7-656c-486c-9cdc-e8de1b23c831","Data-driven medical devices and the EU.pdf",,,,,"https://doi.org/10.1038/s44401-026-00075-2","Atmaca, U. I., Islam, S. U., Epiphaniou, G., Khadka, A., Harrison, S., Matragkas, N., Hansen, S., DeLong, R., & Maple, C. (2025). *Data-driven medical devices and the EU MDR: mapping gaps in standards for regulatory compliance*."
"ba76e5fd-a231-4490-8c96-d054c55e182a","Diabetes Obesity Metabolism - 2025 - Kattinakere Sreedhara - Insights from predicting results of the GRADE trial using.pdf",,,,,"https://doi.org/10.1111/dom.70068","Kattinakere Sreedhara S, Schneeweiss S, DiCesare E, et al. (2025). *Insights from predicting results of the GRADE trial using real-world data*. Diabetes Obesity & Metabolism."
"bfe8cd84-0e63-46ce-9382-05e8f53990cc","Dreyer-2023-Tactical Considerations for Design_1.pdf",,,,,"https://doi.org/10.2147/por.s396024","Dreyer, N. A., & Mack, C. D. (*Tactical Considerations for Designing Real-World Studies: Fit-for-Purpose Designs That Bridge Research and Practice*)."
"504de1cc-e14f-4e47-86ed-8827a3760247","EC-Webinar-Report-2026.pdf",,,,,,"GetReal Institute. (2026). *External Control Studies: What Does It Take to Get Real?*."
"c7ea0e49-2ed8-4e4e-b76f-074f83c4feb7","EUCAIM_D7.3_Definition-of-a-set-of-use-cases.pdf",,,,,"https://cancerimage.eu/wp-content/uploads/2026/02/D7.3_Definition-of-a-set-of-use-cases.pdf","Kosno et al. (2025). *Definition of a set of use cases*."
"0f40f1cd-8fea-426a-bba4-4f55689b1a26","Emulating randomized trials by observational database.pdf",,,,,"https://doi.org/10.1093/aje/kwae319","Suissa et al. (*Emulating randomized trials by observational database studies: the RCT-DUPLICATE initiative in COPD and asthma*)."
"d7bee5f1-27ec-4434-a4bf-5fa2004da142","Enhancing Performance for Highly Imbalanced Medical Data via Data Regularization in a Federated Learning Setting.pdf",,,,,"https://doi.org/10.1007/978-3-031-67285-9_22","Tsoumplekas et al. (*Enhancing Performance for Highly Imbalanced Medical Data via Data Regularization in a Federated Learning Setting*)."
"c50f4872-10c0-4f33-8911-14e35270761c","Ethics practices associated with reusing health data.pdf",,,,,"https://doi.org/10.1101/2024.04.26.24306459","van den Akker, O. R., Stark, S., & Strech, D. (2024). *Ethics practices associated with reusing health data: an assessment of patient registries*."
"a9c734e8-0126-4e8a-8094-d000dd2ea95e","Evaluating AI-Enabled Clinical Decision Diagnostic Support Tools Using Real-World Data.pdf",,,,,"https://healthpolicy.duke.edu/sites/default/files/2022-03/Evaluating%20AI-Enabled%20Clinical%20Decision%20Diagnostic%20Support%20Tools%20Using%20Real-World%20Data.pdf","Zusterzeel et al. (2021). *Evaluating AI-Enabled Clinical Decision and Diagnostic Support Tools Using Real-World Data*."
"b79144bb-b71d-433c-900b-9e68583585c9","Examining-the-Feasibility-of-Real-World-Evidence-Through-Pilot-Studies.pdf",,,,,,"Unknown. (n.d.). *Unknown Title*."
"b2cc071e-97f3-4e56-b4c6-3423814ae2ac","Examples of RWE Used in MD regulatory decisions.pdf",,,,,"https://www.fda.gov/media/191805/download","FDA. (2026). *Examples of Real-World Evidence Used in Medical Device Regulatory Decisions (Fiscal Years 2020-2025)*. U.S. Food and Drug Administration."
"6543ccb0-46a3-48d1-b44f-022a673a49e3","Exploring Functional Brain Networks in Alzheimer’s Disease.pdf",,,,,"https://doi.org/10.3390/jdad2020012","Oikonomou, V. P., Georgiadis, K., Lazarou, I., Nikolopoulos, S., Kompatsiaris, I., & PREDICTOM Consortium. (2025). *Exploring Functional Brain Networks in Alzheimer's Disease Using Resting State EEG Signals*. J. Dement. Alzheimer's Dis."
"5b19cc45-bb8d-4935-877c-0f14c1dc962c","Exploring Metadata Catalogs in Health Care Data Ecosystems.pdf",,,,,"https://formative.jmir.org/2025/1/e63396","JMIR Formative Research. (2025). *Exploring Metadata Catalogs in Health Care Data Ecosystems: Taxonomy Development Study*."
"ac68e791-c667-4a1b-ac75-f1bfc0060ea7","Fidelity-agnostic synthetic data generation improves utility while retaining privacy.pdf",,,,,"https://doi.org/10.1016/j.patter.2025.101287","Achterberg et al. (*Fidelity-agnostic synthetic data generation improves utility while retaining privacy*)."
"1b323fdf-ef61-48f2-b16d-630e8d2cce88","Friends-Scientific-Report_2024.pdf",,,,,"https://friendsofcancerresearch.org/wp-content/uploads/Friends-Scientific-Report_2024.pdf","Friends of Cancer Research. (2024). *2024 Scientific Report: Regulatory Advancements for Patients*."
"73c8f6ad-4e42-483a-96ed-dc2efe225cbd","Friends_Cancer_Research_2022_Case_study_Exploring the Potential of External_Control Arms created from Patient Level Data.pdf",,,,,"https://doi.org/10.1080/10543406.2021.2011901","Yin et al. (2022). *Exploring the Potential of External Control Arms created from Patient Level Data: A case study in non-small cell lung cancer*. Journal of Biopharmaceutical Statistics."
"39a0b59e-dff3-4cad-a6d1-5394ca1c928c","Frontiers-July-2024.pdf",,,,,"https://doi.org/10.3389/fmed.2024.1408600","Staunton, C., Blom, J. M. C., & Mascalzoni, D. (2024). *Ethical framework for FACILITATE: a foundation for the return of clinical trial data to participants*. Front. Med."
"8fa18562-cf73-4cb8-a176-0da8f9a71872","GDI_D3.8 Feedback on the recommendation of infrastructure solutions for distributed analysis and federated learning.pdf",,,,,"https://doi.org/10.5281/zenodo.15366621","Genomic Data Infrastructure (GDI). (2024). *Feedback on the recommendation of infrastructure solutions for distributed analysis and federated learning*."
"12610226-d41e-480c-8e31-d64c0d348382","Garcia-Diaz-2025-Overcoming barriers to off-pa.pdf",,,,,"https://doi.org/10.3389/fphar.2025.1670845","Garcia-Diaz, M., Epstein, D., & Espin, J. (2025). *Overcoming barriers to off-patent drug repurposing: a lifecycle-based policy solutions*. Front. Pharmacol."
"dcf9f47e-f5c4-4d5b-98a8-f713702047bf","Generating unseen diseases patient data using ontology enhanced generative adversarial networks.pdf",,,,,"https://doi.org/10.1038/s41746-024-01421-0","Sun, C., & Dumontier, M. (2024). *Generating unseen diseases patient data using ontology enhanced generative adversarial networks*."
"a23a32ef-bae0-4964-bb39-ad932348c92f","GetReal-2025-Conference_comprehensive-report.pdf",,,,,,"GetReal Institute. (2025). *Real-World Evidence with Real-World Confidence: Shaping the Future of Healthcare: Post-Conference Report*."
"997aa511-216d-4a82-b0b1-1e3822d31d1d","GetReal-SharedLearningForum-2023-SummaryReport_.pdf",,,,,,"GetReal Institute. (2023). *RWE Case Studies for HTA Decision-Making*."
"967fb779-15a7-42e3-a2a6-a4eff6e0c4a9","GetReal-SharedLearningForum-DeepDive-report.pdf",,,,,,"GetReal Institute. (2023). *Workshop Deep Dive: RWE Case Studies for HTA Decision-Making*."
"52912fd5-4a04-4848-b2ef-af140ec596bd","GetReal-pivotal-evidence-systemic-review-2.pdf",,,,,"https://doi.org/10.1002/pds.70074","Jansen et al. (2025). *Multiple Perspectives on the Need for Real- World Evidence to Inform Regulatory and Health Technology Assessment Decision- Making: Scoping Review and Stakeholder Interviews*. Pharmacoepidemiology and Drug Safety."
"8c9fe699-fce6-4705-8019-c58dcc7b246b","GetReal_2024_Conference_Summary-Key-Highlights.pdf",,,,,,"GetReal Institute. (2024). *GetReal Institute Conference 2024: A Summary of Key Highlights*."
"cc29abb6-7de3-4fbb-990f-e3b9012c96e3","GetReal_2025_Conference-Abstracts-Poster-Book_October.pdf",,,,,,"GetReal Institute. (2025). *GetReal Conference 2025: Selection of accepted posters*."
"0a4091d4-930a-4da8-a98b-e8787bd133ee","Getting ready for the European Health Data Space (EHDS).pdf",,,,,"https://open-research-europe.ec.europa.eu/articles/4-160","Hussein et al. (2024). *Getting ready for the European Health Data Space (EHDS): IDERHA's plan to align with the latest EHDS requirements for the secondary use of health data*. Open Research Europe"
"d8f87d6b-a2d0-4fdb-88f9-422702a204e2","HYGIASO_FastPatientDiscovery.pdf",,,,,,"Hygiaso. (*Hygiaso Revolutionizes Patient Discovery Through AI-Powered Real-World Health Data*)."
"5d34744f-ea8b-4caf-ac22-cc633213f38b","Health Economics - 2022 -  - Issue Information.pdf",,,,,"https://onlinelibrary.wiley.com/toc/10991050/2022/31/S1","Health Economics. (2022). *Economic Aspects of the Evaluation, Diffusion and Use of Medical Devices*. Health Economics."
"0fc2dd11-4e7d-4f3f-b831-de46e3693ead","Health Economics - 2022 - Torbica - Pushing the boundaries of evaluation  diffusion  and use of medical devices in Europe .pdf",,,,,"https://doi.org/10.1002/hec.4600","Torbica, A., Tarricone, R., Schreyögg, J., & Drummond, M. (2022). *Pushing the boundaries of evaluation, diffusion, and use of medical devices in Europe: Insights from the COMED project*. Health Economics."
"dc0d5127-17e4-48a1-8d0e-8bd4512ebe0a","Health‑Economic Analyses of Diagnostics.pdf",,,,,"https://pmc.ncbi.nlm.nih.gov/articles/PMC8599388/","van der Pol et al. (2021). *Health-Economic Analyses of Diagnostics: Guidance on Design and Reporting*."
"564ea6d1-e828-4c7f-be5d-e6f800b30553","Hypothetical Assessments of Trial Emulations.pdf",,,,,"https://doi.org/10.1001/jamainternmed.2023.7948","Janda et al. (2024). *Hypothetical Assessments of Trial Emulations*. JAMA Internal Medicine."
"725b6d7b-99ff-44eb-9ec6-df579ee7a9e4","IDERHA D6.4 Report Final2.pdf",,,,,"https://doi.org/10.5281/zenodo.15782052","Innovative Health Initiative Joint Undertaking. (2025). *Integration of Heterogeneous Data & Evidence towards Regulatory & HTA Acceptance: WP6 Policy recommendations to enable Regulatory and HTA decision making*. Innovative Health Initiative Joint Undertaking."
"355ad32e-0de8-4669-a7bb-07b86c4cbe6d","IDERHA Data Standards Manual v2.0.pdf",,,,,"https://doi.org/10.3030/101112135","University of Luxembourg. (2024). *Integration of heterogeneous Data and Evidence towards Regulatory and HTA Acceptance: Data Standards Manual*."
"4fd5d348-0b1a-4910-b145-f0b22477bf6d","IFON_21_2552098.pdf",,,,,"https://doi.org/10.1080/14796694.2025.2552098","Willke et al. (2025). *Finding the right tool for the specific task: navigating RWE tools and checklists*. Taylor & Francis Group."
"fd9d3db5-0b24-4466-a01e-6cb24f426cc9","Interoperability Framework of the European Health Data Space for the Secondary Use of Data.pdf",,,,,"https://doi.org/10.2196/69813","Hussein et al. (2025). *Interoperability Framework of the European Health Data Space for the Secondary Use of Data: Interactive European Interoperability Framework-Based Standards Compliance Toolkit for AI-Driven Projects*. J Med Internet Res"
"87237352-25b9-45ba-9545-495768bbd6b0","Introducing DEFORMISE.pdf",,,,,"https://doi.org/10.1016/j.bspc.2025.109151","Ntampakis, N., Chouvarda, I., Argyriou, V., & Sarigiannidis, P. (*Introducing DEFORMISE: A deep learning framework for dementia diagnosis in the elderly using optimized MRI slice selection*). Biomedical Signal Processing and Control."
"32941406-5e5f-401c-8e99-61c737c06245","Jaksa-2025-Actions for stakeholders to develop.pdf",,,,,"https://doi.org/10.1017/s0266462325100238","Jaksa, A. A., et al. (2025). *Actions for stakeholders to develop better real-world evidence for HTA bodies/payers decision making*. International Journal of Technology Assessment in Health Care."
"ec3ad189-e67b-4261-8e69-eef10260025f","Journal of Medical Internet Research - Improving Patient Engagement in Phase 2 Clinical Trials With a Trial-Specific Patient Decision Aid_ Development and Usability Study.pdf",,,,,"https://doi.org/10.2196/71817","Journal of Medical Internet Research. (2025). *Improving Patient Engagement in Phase 2 Clinical Trials With a Trial-Specific Patient Decision Aid: Development and Usability Study*."
"47eedf1e-534f-4fb3-bf99-9b30643c1c9c","KONI_14_2432726.pdf",,,,,"https://doi.org/10.1080/2162402x.2024.2432726","Laurent, P.-A., et al. (2024). *Pushing the boundaries of radiotherapy-immunotherapy combinations: highlights from the 7th immunorad conference*."
"6e35787d-a07b-40bb-a16b-619ac2b5a37b","Krebs-2025-How life-cycle real-world evidence.pdf",,,,,"https://doi.org/10.3389/fmed.2025.1563950","Krebs, E., Weymann, D., Bubela, T., & Regier, D. A. (2025). *How life-cycle real-world evidence can bridge evidentiary gaps in precision oncology*. Front. Med."
"5d50e45f-1085-4575-818d-602282f9258a","Label-FreeMachineLearning-basedSegmentationofWhole-BodyBoneMarrowImaginginMultipleMyeloma.pdf",,,,,"https://doi.org/10.1109/saci66288.2025.11030097","Koutoulakis et al. (2024). *Label-Free Machine Learning-based Segmentation of Whole-Body Bone Marrow Imaging in Multiple Myeloma*."
"718fa558-c661-4f94-a3fc-bb70196f03b4","Lessons Learned From European Health Data Projects With.pdf",,,,,"https://doi.org/10.2196/66273","Gyrard, A., Abedian, S., Gribbon, P., Manias, G., van Nuland, R., Zatloukal, K., Nicolae, I. E., Danciu, G., Nechifor, S., Marti-Bonmati, L., Mallol, P., Dalmiani, S., Autexier, S., Jendrossek, M., Avramidis, I., Alvarez, E. G., Holub, P., Blanquer, I., Boden, A., & Hussein, R. (2025). *Lessons Learned From European Health Data Projects With Cancer Use Cases: Implementation of Health Standards and Internet of Things Semantic Interoperability*. Journal of Medical Internet Research."
"a50f66e3-ecf7-4d67-b68f-6d4df25e7e0e","Leveraging patient experience data to guide medicines development, regulation, access decisions and clinical care in the EU.pdf",,,,,"https://doi.org/10.3389/fmed.2024.1408636","Almeida et al. (2024). *Leveraging patient experience data to guide medicines development, regulation, access decisions and clinical care in the EU*. Front. Med. 11:1408636."
"0dca304d-609b-404f-87a7-d5a59f097d78","Liu-2025-Evaluating biosimilars_ safety, effic.pdf",,,,,"https://doi.org/10.1007/s11096-024-01825-8","Liu, Y., Wang, Y., Wang, M., Zhai, S., Hou, C., Sun, F., & Jian, L. (2024). *Evaluating biosimilars: safety, efficacy, and regulatory considerations in clinical studies*."
"d0b0eed6-0935-497d-b48a-c2290a586fe7","MCED_Screening_Tests-Considerations_for_Use_of_Real-World_Data.pdf",,,,,"https://downloads.regulations.gov/FDA-2023-N-4720-0002/attachment_1.pdf","Friends of Cancer Research. (*Multi-Cancer Early Detection Screening Tests: Considerations for Use of Real-World Data*). U.S. Food and Drug Administration."
"2fd228cf-b137-43db-adca-5aecc62a20e8","MP-52-1335.pdf",,,,,"https://doi.org/10.1002/mp.17521","Van Camp et al. (2024). *An automated toolbox for microcalcification cluster modeling for mammographic imaging*. Medical Physics."
"88a5ac7b-44fd-4477-b829-0c871bb5336d","Methodological challenges and clinical perspec.pdf",,,,,"https://doi.org/10.1080/03007995.2025.2470735","Bellino, S., & La Salvia, A. (2025). *Methodological challenges and clinical perspectives in evaluating new treatments for ultra rare cancers*. Current Medical Research and Opinion."
"59fc6b8c-0a4c-4f53-abaa-c37da5150a07","Online Behaviour Indicator Extraction for Enhanced Cancer.pdf",,,,,"https://doi.org/10.1145/3617233.3617264","Pantalona et al. (2023). *Online Behaviour Indicator Extraction for Enhanced Cancer Patient Management using Real-World Data*. 20th International Conference on Content-based Multimedia Indexing (CBMI 2023)."
"4be77175-2db0-42d1-9fb2-b111328a5bce","PDS-32-44.pdf",,,,,"https://doi.org/10.1002/pds.5507","Wang et al. (2022). *HARmonized Protocol Template to Enhance Reproducibility of hypothesis evaluating real-world evidence studies on treatment effects: A good practices report of a joint ISPE/ISPOR task force*. Pharmacoepidemiology and Drug Safety."
"cb11b196-8002-47c0-b7bf-1bef9d89163b","PDS-34-e70117.pdf",,,,,"https://doi.org/10.1002/pds.70117","Hennessy et al. (2025). *Real-World Data and Real-World Evidence in Regulatory Decision Making: Report Summary From the Council for International Organizations of Medical Sciences (CIOMS) Working Group XIII*. Pharmacoepidemiology and Drug Safety."
"d3de55da-7f13-4c80-98ec-faf879ba755f","PDS-34-e70127.pdf",,,,,"https://doi.org/10.1002/pds.70127","Nafie et al. (2025). *A Brief Report on Proposed Areas of International Harmonization of Real-World Evidence Relevance, Reliability and Quality Standards Among Medical Product Regulators*. Pharmacoepidemiology and Drug Safety."
"4e0c6c23-684b-4aee-9a9c-ed97345324da","PDS-34-e70202.pdf",,,,,"https://doi.org/10.1002/pds.70202","McCracken, A., Heidt, J., Eldridge, E., Hurmiz, C., Duran, N., Reich, A., & Eworuke, E. (2025). *The Guardian Research Network: A Real-World Data Source for Pharmacoepidemiologic Research and Regulatory Applications*. Pharmacoepidemiology and Drug Safety."
"e65e0e3a-7d65-4057-a203-0ae922163edb","PDS-34-e70231.pdf",,,,,"https://doi.org/10.1002/pds.70231","Norén, G. N., Donegan, K., Muñoz, M. A., Alshammari, T. M., Pratt, N., Candore, G., Morales, D., Rijnbeek, P., Bate, A., Postigo, R., Toh, S., Trifirò, G., Soriano Gabarro, M., Cave, A., & Ryan, P. B. (2025). *Recommendations to Enable Broader Use of Real-World Evidence to Inform Decision-Making Throughout Pharmacovigilance Signal Management*. Pharmacoepidemiology and Drug Safety."
"99e6b5c9-e6c4-4f2d-ab39-6e4cc07ffc67","PIIS1098301524028420.pdf",,,,,"https://doi.org/10.1016/j.jval.2024.08.002","Hogervorst, M. A., Soman, K. V., Gardarsdottir, H., Goettsch, W. G., & Bloem, L. T. (2025). *Analytical Methods for Comparing Uncontrolled Trials With External Controls From Real-World Data: A Systematic Literature Review and Comparison With European Regulatory and Health Technology Assessment Practice*. Value in Health."
"b2bd4a55-c7e1-429d-89ad-32a96c76419b","PROTECT_summary_final_report.pdf",,,,,"https://www.ihi.europa.eu/sites/default/files/uploads/documents/projects/PROTECT_summary_final_report.pdf","EMA. (2016). *Pharmacoepidemiological Research on Outcomes of Therapeutics by a European ConsorTium*. European Medicines Agency."
"14686d6d-6b9e-4dfe-ab57-303d5cb1fdc6","Patient-Centered Real-World Evidence Framework.pdf",,,,,"https://doi.org/10.1080/07357907.2025.2582172","Medic, N., Filipenko, D., Hadi, M., Flood, E., McLaurin, K., Ryan, K., Shenolikar, R., & Bolinder, B. (2025). *Patient-Centered Real-World Evidence Framework for Oncology Product Development*. Cancer Investigation."
"f93d1d2c-8526-48e6-9a03-7272fecc9b26","Pearson-2025-Assessment of medical device feat.pdf",,,,,"https://doi.org/10.1017/S026646232510041X","Pearson, S., Andrusjaka, L., Campbell, M., Jensen, C. E., Laursen, H. V. B., & Mærkedahl, A. (2025). *Assessment of medical device features in health technology assessment: a review of NICE medical technology guidance*. International Journal of Technology Assessment in Health Care."
"0e48cc63-f4c2-450c-8cc8-d5ef77b5d16c","Pharmacoepidemiology and Drug - 2015 - Huerta - Exposure to benzodiazepines  anxiolytics  hypnotics and related drugs  in.pdf",,,,,"https://doi.org/10.1002/pds.3825","Huerta et al. (2016). *Exposure to benzodiazepines (anxiolytics, hypnotics and related drugs) in seven European electronic healthcare databases: a crossnational descriptive study from the PROTECT-EU Project*. John Wiley & Sons, Ltd."
"415995e5-e069-4718-931d-02da16b076ac","Pharmacoepidemiology and Drug - 2015 - Requena - Hip femur fractures associated with the use of benzodiazepines .pdf",,,,,"https://doi.org/10.1002/pds.3816","Requena et al. (2016). *Hip/femur fractures associated with the use of benzodiazepines (anxiolytics, hypnotics and related drugs): a methodological approach to assess consistencies across databases from the PROTECT-EU project*."
"c344f40a-9eed-4728-a59c-f9e441771a9c","Pharmacoepidemiology and Drug - 2016 - Klungel - Multi‐centre  multi‐database studies with common protocols  lessons learnt.pdf",,,,,"https://doi.org/10.1002/pds.3968","Klungel, O. H., Kurz, X., de Groot, M. C. H., Schlienger, R. G., Tcherny-Lessenot, S., Grimaldi, L., Ibáñez, L., Groenwold, R. H. H., & Reynolds, R. F. (2016). *Multi-centre, multi-database studies with common protocols: lessons learnt from the IMI PROTECT project*. Pharmacoepidemiology and Drug Safety."
"066a734b-d523-4b76-a14a-e2f3ef2bfbef","Pharmacoepidemiology and Drug - 2016 - Reynolds - The IMI PROTECT project  purpose  organizational structure  and.pdf",,,,,"https://doi.org/10.1002/pds.3933","Reynolds, R. F., Kurz, X., de Groot, M. C. H., Schlienger, R. G., Grimaldi-Bensouda, L., Tcherny-Lessenot, S., & Klungel, O. H. (2016). *The IMI PROTECT project: purpose, organizational structure, and procedures*."
"971caa41-6476-4adf-9f02-30526acbd6e6","Point-of-care tests to manage acute respiratory tract infections.pdf",,,,,"https://doi.org/10.1093/jac/dkae349","Hoste et al. (2024). *Point-of-care tests to manage acute respiratory tract infections in primary care: a systematic review and qualitative synthesis of healthcare professional and patient views*. Oxford University Press on behalf of British Society for Antimicrobial Chemotherapy."
"3eb3cb9c-4863-437c-83a5-3e8d5c2de74a","Pragmatism-in-Postmarket-Trials-.pdf",,,,,"https://friendsofcancerresearch.org/wp-content/uploads/Pragmatism-in-Postmarket-Trials-.pdf","Friends of Cancer Research. (2024). *Pragmatism in Postmarket Trials*."
"7e5694b9-3c2a-4409-9eb2-abbafb240056","REALISE_2020_Abridged_guidance_for_generators_of_RWD_20201104_version_1.0_2.pdf",,,,,,"REALISE Working Group. (2020). *Abridged Guidance Document for Generators of RWD: Use of Real-World Data and Real-World Evidence to Support Drug Reimbursement Decision-Making in Asia*."
"f033c81d-45b7-4e16-ba54-9c4c27109338","REALISE_2020_Abridged_guidance_for_users_of_HTA_20201104_version_1.0_2.pdf",,,,,,"REALISE Working Group. (2020). *Abridged Guidance Document for Users of HTA: Use of Real-World Data and Real-World Evidence to Support Drug Reimbursement Decision-Making in Asia*."
"dcc64036-27f9-4f7c-89dd-03102f9c973c","REBECCA_A system for Real World behavioural Data in Breast Cancer Clinical Research and Patient Care.pdf",,,,,"https://doi.org/10.11159/icbes25.185","Bourgos et al. (2025). *REBECCA: A System for Real World Behavioural Data in Breast Cancer Clinical Research and Patient Care*."
"69d481a6-2255-4a7d-9c27-de2b021828b4","RWE-JCO-Publication_1.pdf",,,,,"https://doi.org/10.1200/cci.18.00155","Stewart et al. (2019). *An Exploratory Analysis of Real-World End Points for Assessing Outcomes Among Immunotherapy-Treated Patients With Advanced Non-Small-Cell Lung Cancer*. JCO Clinical Cancer Informatics."
"0faed05d-c9ac-47ea-9d56-470ac296c350","RWE-Project-PRE-MEETING-DRAFT_1.pdf",,,,,"https://friendsofcancerresearch.org/wp-content/uploads/RWE-Project-PRE-MEETING-DRAFT.pdf","Friends of Cancer Research and Alexandria Summit. (2016). *Blueprint for Breakthrough: Exploring the Utility of Real World Evidence (RWE)*. U.S. Food and Drug Administration."
"30414f0b-9fad-4b95-a4c5-56f76b9bb0f1","RWE4Decisions_2022-Symposium-Report.pdf",,,,,,"RWE4Decisions. (2022). *RWE4Decisions Annual Symposium: Policies & Partnerships*."
"777b8b58-c295-44e4-b32c-a84e75f8ce3e","RWE4Decisions_2022_Supporting_decision_making_Fin_Fra_Spa.pdf",,,,,"https://rwe4decisions.com/wp-content/uploads/2025/08/3-May-2022-Webinar-Report_RWE4Decisions.pdf","RWE4Decisions. (2022). *Supporting HTA/Payer decisionmaking: Spotlight on national health data initiatives from Finland, Spain and France*."
"cc8f8346-a541-4a83-aa97-3f1d195418db","RWE4Decisions_2022_Supporting_decision_making_Germany_September.pdf",,,,,"http://rwedect.cluster100.hosting.ovh.net/wp-content/uploads/2025/08/21-September-2022-Webinar-Report_RWE4Decisions.pdf","RWE4Decisions. (2022). *Supporting HTA/Payer decision-making: Health data initiatives in Germany EVENT REPORT*."
"840c7d50-54c6-4a7b-8686-091f5d53c5e1","RWE4Decisions_2023-Symposium-Report.pdf",,,,,"http://rwedect.cluster100.hosting.ovh.net/wp-content/uploads/2025/08/FINAL-RWE4Decisions-2023-Symposium-report-1.pdf","RWE4Decisions Learning Network. (2023). *Real-World Evidence over the Medicine's Lifecycle to inform HTA/Payer decisions: Annual Symposium Executive Summary*."
"1192b1b1-4c93-4b09-bdda-0692a09bf7c6","RWE4Decisions_2023_Beating_cancer_RWE.pdf",,,,,"http://rwedect.cluster100.hosting.ovh.net/wp-content/uploads/2025/08/18-April-2023-Webinar-Report_RWE4Decisions.pdf","RWE4Decisions. (2023). *Beating Cancer with Highly Innovative Technologies - What's the Role of RWE?*."
"bc5407fa-dced-4881-8ff6-23255bdcda49","RWE4Decisions_2023_RWE-over-the-lifecycle-of-ATMP.pdf",,,,,"https://rwe4decisions.com/wp-content/uploads/2025/08/RWE4Decisions_Webinar-Report_RWE-over-the-lifecycle-of-ATMPs-to-meet-the-HTAR-needs_10-October-2023.pdf","RWE4Decisions. (2023). *Real-World Evidence over the lifecycle of ATMPs to meet the HTA Regulation Needs*."
"7f2ab43b-3289-40b9-920a-a428b7d88f00","RWE4Decisions_2024-Symposium-Report.pdf",,,,,"http://rwedect.cluster100.hosting.ovh.net/wp-content/uploads/2025/08/2024-Symposium-Report_RWE4Decisions-1-1.pdf","RWE4Decisions. (2024). *Developing Real-World Evidence to Deliver Innovation in HTA: RWE4Decisions Annual Symposium Executive Summary*. RWE4Decisions."
"b35ef34e-70f1-4910-ae9e-8141c59ef17f","RWE4Decisions_2024_Endpoints_digital_tech.pdf",,,,,"http://rwedect.cluster100.hosting.ovh.net/wp-content/uploads/2025/08/240827_25-June-Webinar_Report.pdf","RWE4Decisions. (2024). *Can Endpoints from Digital Technology Provide Meaningful Outcomes for HTA?*."
"ee869ca5-c622-49f6-9591-d50f6c0cf915","RWE4Decisions_2024_HTA-Payer-Collaboration-in-the-Nordics.pdf",,,,,"http://rwedect.cluster100.hosting.ovh.net/wp-content/uploads/2025/08/Webinar-Report_HTA-Payer-Collaboration-in-the-Nordics.pdf","RWE4Decisions. (2024). *HTA/Payer Collaboration in the Nordics: The Role of Real-World Evidence*."
"71114b45-9bbf-4eee-8a9f-7319db1bde9a","RWE4Decisions_2025_AI-Webinar.pdf",,,,,"https://rwe4decisions.com/wp-content/uploads/2025/12/RWE4Decisions-AI-Webinar_Final-Report.pdf","RWE4Decisions. (2025). *Transforming Real-World Evidence with AI: From Data to Decisions*. RWE4Decisions."
"f2858fec-eca7-46c5-8f1a-7445c1b4188c","RWE4Decisions_2025_EHDS_support_RWEinHTA.pdf",,,,,"http://rwedect.cluster100.hosting.ovh.net/wp-content/uploads/2025/08/Report_RWE4Decisions-9-April-Webinar-1.pdf","RWE4Decisions. (2025). *From Policy to Practice: EHDS Implementation to Support better Real-World Evidence for HTA/Payers*. RWE4Decisions."
"f535af61-840a-4b6d-88be-bbfbd6653459","RadiocytogeneticsinMultipleMyelomaPredictingCytogeneticAberrationsfromWBCTImagingFeatures.pdf",,,,,"https://doi.org/10.1109/saci66288.2025.11030160","Trivizakis et al. (2024). *Radiocytogenetics in Multiple Myeloma: Predicting Cytogenetic Aberrations from WBCT Imaging Features*."
"2c5097db-d0ac-4041-9152-6c20da428d4b","Ratti_et_al-2025-BMC_Medical_Ethics.pdf",,,,,"https://doi.org/10.1101/2025.02.10.25321994","Ratti et al. (2025). *Ethical and social considerations of applying artificial intelligence in healthcare-a twopronged scoping review*."
"8517ad23-6d3f-40e9-839b-b95fe52df79b","Real-world cardiovascular effectiveness of sustained glucagon-like peptide 1 GLP-1 receptor agonist usage in type 2 diabetes.pdf",,,,,"https://doi.org/10.1186/s12933-025-02915-1","Sørensen, K. K., et al. (2025). *Real-world cardiovascular effectiveness of sustained glucagon-like peptide 1 GLP-1 receptor agonist usage in type 2 diabetes*."
"f80ea055-d2b9-401e-ac43-c6be2048ec1e","Real-world evaluation of UK high hyperdiploidy profile using a large cohort of patients provided by HARMONY data platform.pdf",,,,,"https://doi.org/10.1038/s41375-023-02046-0","Enshaei et al. (2023). *Real-world evaluation of UK high hyperdiploidy profile using a large cohort of patients provided by HARMONY data platform*. Leukemia."
"1cd4e2a5-f2ff-4d7c-877a-687927dc4c9c","Reality Check.pdf",,,,,"https://doi.org/10.2196/preprints.76491","Fröhlich, H., Funck Hansen, A., Hilvo, M., Jansen, G., Madan, S., Moazemi, S., Negreanu, S., Satagopam, V., Gribbon, P., & Muehlendyck, C. (2025). *Reality Check: The Aspirations of the European Health Data Space Amidst Challenges in Decentralized Data Analysis*. Journal of Medical Internet Research."
"64d1557d-4cdd-4c4d-b52f-854b76a3bb21","Real‑World Data Included in Post‑authorisation Measures.pdf",,,,,"https://doi.org/10.1007/s40259-025-00737-x","Almeida et al. (2025). *Real-World Data Included in Post-authorisation Measures: A Case Study of Approved Advanced Therapy Medicinal Products in the European Union between 2013 and 2024*."
"d32fcb08-50da-4eaa-bbc1-41ea9d4169a9","Recursos_iniciativas_v0.pdf",,,,,,"Unknown. (*Documentation published by other initiatives*)."
"ddf43e1a-814f-4cf7-ac0c-22e40ae56343","Recursos_regulatory&HTA_v0.pdf",,,,,,"Regulatory and HTA bodies. (*Documentation published by regulation and HTA bodies*)."
"9c617fea-98a9-40d5-bc39-a2b89f7a8aa9","Regularized Regression Versus the High-Dimensional Propensity Score for.pdf",,,,,"https://doi.org/10.1093/aje/kwv108","Franklin, J. M., Eddings, W., Glynn, R. J., & Schneeweiss, S. (2015). *Regularized Regression Versus the High-Dimensional Propensity Score for Confounding Adjustment in Secondary Database Analyses*. American Journal of Epidemiology."
"3f1edebd-d6b0-4981-9e72-39e558b26aa1","Regulatory and HTA early dialogues in medical devices.pdf",,,,,"https://doi.org/10.1016/j.healthpol.2021.07.010","Blankart, C. R., Dams, F., Penton, H., Kaló, Z., Zemplényi, A., Shatrov, K., Iskandar, R., & Federici, C. (2021). *Regulatory and HTA early dialogues in medical devices*. Health Policy."
"d752797b-5211-40c7-8102-ab609eaec8d7","S22006_1.pdf",,,,,"https://doi.org/10.1117/1.jmi.12.s2.s22006","Van Camp et al. (2025). *Impact of synthetic data on training a deep learning model for lesion detection and classification in contrast-enhanced mammography*. SPIE."
"964ca614-bc69-41b0-ba56-b3fdb10a3cff","SHTI-316-SHTI240670.pdf",,,,,"https://doi.org/10.3233/SHTI240670","El Ghosh et al. (2024). *From Syntactic to Semantic Interoperability Using a Hyperontology in the Oncology Domain*. IOS Press."
"eb1a3f99-646e-481d-b1d7-fef1a109b08d","SUSTAIN-HTA-Survey-HTA-education-needs.pdf",,,,,"https://sustain-hta.org/wp-content/uploads/2026/03/SUSTAIN-HTA-Survey-HTA-education-needs.pdf","van Mun, L.A.M., Kievit, W., & Oortwijn, W. (2026). *SUSTAIN-HTA Survey Health Technology Assessment education needs*."
"d83e3696-60e9-492b-833d-9660513a9e46","Screening for Alzheimer’s disease in the community using an AI-driven.pdf",,,,,"https://doi.org/10.1016/j.tjpad.2026.100545","Brem, A.-K., Aarsland, D., et al. (2026). *Screening for Alzheimer's disease in the community using an AI-driven screening platform: design of the PREDICTOM study*. The Journal of Prevention of Alzheimer's Disease."
"ab4a5912-0f4e-4657-9852-ecdd1dd87fd0","Sedrakyan-2022-Advancing the Real-World Eviden_1.pdf",,,,,"https://doi.org/10.1136/bmjsit-2021-000123","Sedrakyan et al. (2022). *Advancing the Real-World Evidence for Medical Devices through Coordinated Registry Networks*. BMJ Surg Interv Health Technologies."
"65e8ed6f-42aa-4643-9740-07f4501769a9","SoftAnnotationsversusPixel-basedSegmentationMasksofProstateAnatomiesTheEffectofAnnotationTypeonRadiomics.pdf",,,,,"https://doi.org/10.1109/embc58623.2025.11253440","Trivizakis, E., Ioannidis, G. S., Nikiforaki, K., Zaridis, D. I., Mylona, E., Tachos, N., Tsiknakis, M., Fotiadis, D. I., Regge, D., Papanikolaou, N., ProCAncer-I Consortium, & Marias, K. (2024). *Soft Annotations versus Pixel-based Segmentation Masks of Prostate Anatomies: The Effect of Annotation Type on Radiomics*."
"9c0f1afa-c064-4eb0-a450-fbbd3e66cee7","Stakeholders’ Perspectives Toward the Use of Patient Registry Data.pdf",,,,,"https://doi.org/10.1007/s40264-025-01528-7","Windfuhr et al. (2025). *Stakeholders' Perspectives Toward the Use of Patient Registry Data for Decision-Making on Medicines: A Cross-Sectional Survey*."
"085f72f4-08f8-4b21-9008-c9de142de542","Stakeholders’ views and.pdf",,,,,"https://doi.org/10.3389/fpubh.2023.1216940","Hoste et al. (2023). *Stakeholders' views and experiences on implementing new diagnostics in primary care to support management of community-acquired acute respiratory tract infections: a qualitative study*. Front. Public Health."
"be0507cf-8ce0-4a6c-91bc-abc2763371dc","Staunton-New.pdf",,,,,"https://doi.org/10.1038/s41431-024-01543-9","Staunton, C., Shabani, M., Mascalzoni, D., Mežinska, S., & Slokenberga, S. (2024). *Ethical and social reflections on the proposed European Health Data Space*. European Journal of Human Genetics."
"1754185a-80fe-41c5-9555-3ff2e9cbe428","Steigenberger_2023_Diagnostics_BarriersFacilitatorsPricingFundingPolicies.pdf",,,,,"https://doi.org/10.3390/diagnostics13233596","Steigenberger, C., Windisch, F., & Vogler, S. (2023). *Barriers and Facilitators in Pricing and Funding Policies of European Countries That Impact the Use of Point-of-Care Diagnostics for Acute Respiratory Tract Infections in Outpatient Practices*. Diagnostics."
"3c6a9098-0517-457b-8036-61535a7a78c7","Synergies Among Health Data Projects with Cancer Use Cases Based on Health Standards.pdf",,,,,"https://doi.org/10.3233/shti240649","Gyrard et al. (2024). *Synergies Among Health Data Projects with Cancer Use Cases Based on Health Standards*. IOS Press."
"1d688069-a53f-465c-9775-b5ffd3e3f668","Tan-Lim-2025-Development of the Philippine gui.pdf",,,,,"https://doi.org/10.1017/S0266462325100512","Tan-Lim, C. S. C., Cabaluna, I. T. G., Infantado-Alejandro, M. A. J., Imbag, M. D. S., Lopez, L. F. L., Esteban-Ipac, N. A. R., Macalalad-Josue, A. A., Bayona, H. H. G., Burog, A. I. L. D., Cochon, K. L., & Alejandria, M. M. (2025). *Development of the Philippine guidance document for the use of real-world evidence for clinical assessment of health technologies*. International Journal of Technology Assessment in Health Care."
"a9ba80bb-3d95-4fd2-84d2-4111780fc29b","TexturePreservingDeepLearning-basedNoiseReductionforAnatomicalMagneticResonanceImagesandItsImpactonImagingFeatures.pdf",,,,,"https://doi.org/10.1109/saci66288.2025.11030174","Trivizakis et al. (2024). *Texture Preserving Deep Learning-based Noise Reduction for Anatomical Magnetic Resonance Images and Its Impact on Imaging Features*."
"531aca28-168e-49b0-87c9-c732a0399b88","The Opportunity of Point‑of‑Care Diagnostics in General Practice.pdf",,,,,"https://doi.org/10.1007/s40273-022-01165-3","van der Pol et al. (2022). *The Opportunity of Point-of-Care Diagnostics in General Practice: Modelling the Effects on Antimicrobial Resistance*."
"c368819a-1444-4368-8fb6-984f5c0102be","Toward a Harmonized Health Technology Assessment Framework for.pdf",,,,,"https://doi.org/10.1016/j.jval.2025.12.004","Tsiasiotis, E., Mezei, F., Di Bidino, R., Basile, M., Battaglia, L., Strammiello, V., Kidholm, K., Oortwijn, W., Cicchetti, A., & Sacchini, D. (2026). *Toward a Harmonized Health Technology Assessment Framework for Digital Health Technologies in Europe*. VALUE HEALTH."
"a8491172-04d9-4d40-a54e-7c6d7939af6e","Towards Semantic Interoperability Health Standardization Recommendation Tool.pdf",,,,,"https://doi.org/10.3233/shti250562","Gyrard, A., Abedian, S., Gribbon, P., Dalmiani, S., Giuffrida, M., Manias, G., Autexier, S., & Hussein, R. (2024). *Towards Semantic Interoperability Health Standardization Recommendation Tool*."
"f8cb9939-60a4-4316-8018-35b4249291b9","Transformer models in biomedicine.pdf",,,,,"https://doi.org/10.1186/s12911-024-02600-5","Madan et al. (2024). *Transformer models in biomedicine*."
"4d6e633e-a78b-4b14-b63c-1adb167cb1a3","Use of Health Care Databases to Support Supplemental.pdf",,,,,"https://doi.org/10.1001/jamainternmed.2017.3919","JAMA Internal Medicine. (2018). *Use of Health Care Databases to Support Supplemental Indications of Approved Medications*."
"11e03a8e-688f-4ff3-9b5a-afb098cfadd3","Using real-world data to predict.pdf",,,,,"https://doi.org/10.1136/bmjdrc-2025-005180","Kattinakere Sreedhara S, Schneeweiss S, D'Andrea E, et al. (2025). *Using real-world data to predict findings of an ongoing phase IV trial: glycemic control of semaglutide versus standard of care*. BMJ Open Diabetes Research & Care."
"2144deb2-1083-4de8-b259-ae7a56b6f247","VALUE-DX-WP3-4-Overarching-Document-V01.1.pdf",,,,,"https://www.ersnet.org/wp-content/uploads/2024/12/VALUE-Dx-WP3-%E2%80%93-Task-3.4.pdf","Value-Dx Consortium. (2021). *Interoperable Networks for AMR Laboratory Data: An overarching review of Task 3.4 and federated networking*."
"2db5798a-87a7-4f29-a6f4-0de277075a9b","VALUE-DX-WP3-4-POC1-Modeling_Feasibility-V01.pdf",,,,,"https://www.value-dx.eu/wp-content/uploads/2021/05/VALUE-DX-WP3-4-POC1-Modeling_Feasibility-V01.pdf","Gorse et al. (2020). *A proposed standard for AMR data Modelling: Readiness and Recommendations*."
"8e3524de-fff7-47df-a9a4-4692417cf3d1","VALUE-DX-WP3-4-POC1-Modeling_Feasibility-V02-updated.pdf",,,,,"https://www.value-dx.eu/wp-content/uploads/2022/11/VALUE-DX-WP3-4-POC1-Modeling_Feasibility-V02-updated.pdf","Gorse et al. (2022). *A proposed standard for A-Microbial Resistance data Modelling: Readiness and Recommendations*."
"346a6465-5b0a-4d63-b2a9-ba2a76f60051","VALUE-DX-WP3-4-POC1_infrastructure_report-V01.pdf",,,,,"https://www.value-dx.eu/wp-content/uploads/2021/05/VALUE-DX-WP3-4-POC1_infrastructure_report-V01.pdf","Girse, M. P. (*VALUE-Dx WP3 - Task 3.4: POC 1 Infrastructure documentation*)."
"aac51f1e-3c9c-4ee9-ac9f-33e66e8e1a35","VALUE-DX_Report_Task5.5_Deliverable5.2_Final.pdf",,,,,"https://ppri.goeg.at/sites/ppri.goeg.at/files/inline-files/VALUE-DX_Report_Task5.5_Deliverable5.2_Final.pdf","Fischer et al. (2020). *HTA, Reimbursement and Pricing of Diagnostic Tests for CA-ARTI: An international overview of policies*."
"c8e8de84-b22a-4173-9447-ca485a5c6de1","VALUE_Dx_Report5.4Recommendations.pdf",,,,,"https://www.researchgate.net/publication/367117509_Recommendations_for_innovative_fit_for_purpose_pricing_and_funding_models_for_CA-ARTI_diagnostics","Steigenberger, C., Vogler, S., Windisch, F., & Zimmermann, N. (2020). *Recommendations for innovative fit for purpose pricing and funding models for CA-ARTI diagnostics*."
"1e78514e-9329-429a-a26c-ca3d026c9533","WEB_2105_CIOMS_Artificial-intelligence_in_pharmacovigilance_report_EN_20251204.pdf",,,,,"https://doi.org/10.56759/cdob6397","CIOMS. (2025). *Artificial intelligence in pharmacovigilance*. Council for International Organizations of Medical Sciences (CIOMS)."
"fbb766dc-b74a-4294-91be-87cdcf8a73e9","ai_v3i1e55833.pdf",,,,,"https://doi.org/10.2196/55833","Gupta et al. (2024). *Current State of Community-Driven Radiological AI Deployment in Medical Imaging*. JMIR AI."
"0c14a13e-542f-4854-addd-d8f94bedaceb","beuque-et-al-2023-combining-deep-learning-and-handcrafted-radiomics-for-classification-of-suspicious-lesions-on.pdf",,,,,"https://doi.org/10.1148/radiol.221843","Beuque et al. (2023). *Combining Deep Learning and Handcrafted Radiomics for Classification of Suspicious Lesions on Contrast-enhanced Mammograms*. Radiology."
"b687e14f-8208-4a00-aa61-fd87e74e63a6","bmj-2024-081554.full.pdf",,,,,"https://doi.org/10.1136/bmj-2024-081554","Lekadir et al. (2025). *FUTURE-AI: international consensus guideline for trustworthy and deployable artificial intelligence in healthcare*. BMJ."
"298bf045-98d7-4976-a5ea-52135ba95a6d","cancers-17-00768-v2.pdf",,,,,"https://doi.org/10.3390/cancers17050768","Widaatalla, Y., Wolswijk, T., Khan, M. D., Halilaj, I., Mosterd, K., Woodruff, H. C., & Lambin, P. (2025). *Radiomics in Dermatological Optical Coherence Tomography (OCT): Feature Repeatability, Reproducibility, and Integration into Diagnostic Models in a Prospective Study*. Cancers."
"06a40022-b48b-44f7-8958-3af5fc97bceb","cancers-17-02502-v2.pdf",,,,,"https://doi.org/10.3390/cancers17152502","Schulze-Weddige, S., Baumgärtner, G. L., Orth, T., Tietze, A., Scheel, M., Wasilewski, D., Wattjes, M. P., Hanning, U., Kniep, H., Penzkofer, T., & Nawabi, J. (2025). *An Explainable AI Exploration of the Machine Learning Classification of Neoplastic Intracerebral Hemorrhage from Non-Contrast CT*. Cancers."
"330cf411-b7da-4f98-bb41-682cbe5fd632","cdt-15-02-455.pdf",,,,,"https://doi.org/10.21037/cdt-2024-579","Pittrow, R. D., Dewald, O., Harig, F., Kaemmerer-Suleiman, A., Suleiman, M., Pittrow, L. B., Achenbach, S., Freiberger, A., Freilinger, S., Pittrow, B. A., Kaulitz, R., & Kaemmerer, H. (2025). *Establishing a cardiology registry: navigating quality and regulatory challenges with a focus on congenital heart disease*."
"3053e83c-141a-4d14-997c-77715e3bf705","cer-14-250041.pdf",,,,,"https://doi.org/10.57264/cer-2025-0041","Gupta et al. (2025). *Transportability of nonlocal real-world evidence and its relevance to health technology assessment: a primer*."
"1d92cfd6-6e44-4dce-be91-d82a94c0f8de","cer-14-250148.pdf",,,,,"https://doi.org/10.57264/cer-2025-0148","Arora & Ramagopalan. (2025). *R WE ready for reimbursement? A round-up of developments in real-world evidence relating to health technology assessment: part 21*."
"6e074620-c501-4a88-a397-9c8267dda386","cer-14-250154.pdf",,,,,"https://doi.org/10.57264/cer-2025-0154","Gupta, V. A., Scott, S., Tonkinson, M., Jonsson, P., Goodburn, L., & Duffield, S. (2025). *Letter in Reply - Quality in qualitative evidence: new best practice principles from NICE's real-world evidence framework*."
"8eecf3ca-dd65-4e50-a6a7-87a151131e6c","data-07-00178-v2.pdf",,,,,"https://doi.org/10.3390/data7120178","Chandra, G., Siirtola, P., Tamminen, S., Knip, M. J., Veijola, R., & Röning, J. (2022). *Impacts of Data Synthesis: A Metric for Quantifiable Data Standards and Performances*. Data."
"8e17fa93-011c-4bf6-a179-fd94cbe40afd","data-quality-framework-eu-medicines-regulation-application-real-world-data_en.pdf",,,,,"https://www.ema.europa.eu/en/documents/other/data-quality-framework-eu-medicines-regulation-application-real-world-data_en.pdf","EMA. (2026). *Data Quality Framework for EU medicines regulation: application to Real-World Data*. European Medicines Agency."
"b0e2b8cc-9a05-49aa-95e8-aab77d7fbafa","fmed-07-582634.pdf",,,,,"https://doi.org/10.3389/fmed.2020.582634","Ofori-Asenso, R., Hallgreen, C. E., & De Bruin, M. L. (2020). *Improving Interactions Between Health Technology Assessment Bodies and Regulatory Agencies: A Systematic Review and Cross-Sectional Survey on Processes, Progress, Outcomes, and Challenges*. Frontiers in Medicine."
"aa021cc8-2ecf-4a07-bdde-4eae589e9728","fmed-09-940371.pdf",,,,,"https://doi.org/10.3389/fmed.2022.940371","Ádám, I., Callenbach, M., Németh, B., Vreman, R. A., Pontén, J., Strbad, T., Dawoud, D., Kostyuk, A., Seyam, A., Nagy, L., Goettsch, W. G., & Kaló, Z. (2022). *Delayed payment schemes in Central-Eastern Europe and Middle-East*. Frontiers in Medicine."
"92119132-cda8-40a3-9abf-17fc66563815","fmed-09-940886.pdf",,,,,"https://doi.org/10.3389/fmed.2022.940886","Ádám, I., Callenbach, M., Németh, B., Vreman, R. A., Tollin, C., Pontén, J., Dawoud, D., Elvidge, J., Crabb, N., van Waalwijk van Doorn-Khosrovani, S. B., Pisters-van Roy, A., Vincziczki, Á., Almomani, E., Vajagic, M., Oner, Z. G., Matni, M., Fürst, J., Kahveci, R., Goettsch, W. G., & Kaló, Z. (2022). *Outcome-based reimbursement in Central-Eastern Europe and Middle-East*. Frontiers in Medicine."
"68aa64c3-7b38-4d21-b609-c1624717f8de","formative_v7i1e42505.pdf",,,,,"https://doi.org/10.2196/42505","Esposito et al. (2023). *A Biobanking System for Diagnostic Images: Architecture Development, COVID-19-Related Use Cases, and Performance Evaluation*. JMIR Formative Research."
"485b89a1-3610-43cf-bb9b-42c1a8e84427","fpubh-10-921226.pdf",,,,,"https://doi.org/10.3389/fpubh.2022.921226","Tachkov et al. (2022). *Barriers to Use Artificial Intelligence Methodologies in Health Technology Assessment in Central and East European Countries*. Frontiers in Public Health."
"9737977a-9f4f-4fad-bd33-f4e435df7928","fpubh-10-922708.pdf",,,,,"https://doi.org/10.3389/fpubh.2022.922708","Dimitrova et al. (2022). *Potential Barriers of Patient Involvement in Health Technology Assessment in Central and Eastern European Countries*. Frontiers in Public Health."
"c49e3390-a432-4f7b-b0de-c682cba150b4","fpubh-11-1088121.pdf",,,,,"https://doi.org/10.3389/fpubh.2023.1088121","Zemplényi et al. (2023). *Recommendations to overcome barriers to the use of artificial intelligence-driven evidence in health technology assessment*. Front. Public Health."
"ea40f7ef-3193-49ca-bd0a-b0d1a861d2ea","fpubh-11-1176200.pdf",,,,,"https://doi.org/10.3389/fpubh.2023.1176200","Jakab et al. (2023). *Recommendations for patient involvement in health technology assessment in Central and Eastern European countries*. Front. Public Health."
"ebc0d3c2-4da3-488c-97a3-90453098e374","giae057.pdf",,,,,"https://doi.org/10.1093/gigascience/giae057","Roetzer-Pejrimovsky et al. (2024). *Deep learning links localized digital pathology phenotypes with transcriptional subtype and patient outcome in glioblastoma*. GigaScience."
"9e1e97a0-ec2c-4422-8ae8-2b82bdb88f43","hricak-langs-2024-integrated-diagnostics-embracing-artificial-intelligence-and-above-all-multidisciplinary-teamwork.pdf",,,,,"https://doi.org/10.1148/radiol.241087","Hricak et al. (2024). *Integrated Diagnostics: Embracing Artificial Intelligence and, Above All, Multidisciplinary Teamwork*. Radiology."
"6635a72f-84d4-4ab0-8422-c95b676b7c71","ich-m14-guideline-general-principles-planning-designing-analysing-reporting-non-interventional-studies-utilise-real-world-data-safety-assessment-medicines-step-5_en.pdf",,,,,"https://www.ema.europa.eu/en/documents/scientific-guideline/ich-m14-guideline-general-principles-planning-designing-analysing-reporting-non-interventional-studies-utilise-real-world-data-safety-assessment-medicines-step-5_en.pdf","ICH. (2025). *ICH M14 Guideline on general principles on planning, designing, analysing, and reporting of non-interventional studies that utilise Real-World Data for safety assessment of medicines*. International Council for Harmonisation."
"1650fbac-f5be-46a0-b0ce-0d6c8bf0446d","implementing-a-sandbox-approach-in-health-technology-assessment-benefits-and-recommendations.pdf",,,,,"https://doi.org/10.1017/s0266462324000412","Elvidge, J., Crabb, N., Delnoij, D., Knies, S., Lundin, D., Houÿez, F., Röning, J., Wang, J., Jiu, L., Bennett, A., Zhang, Y., & Dawoud, D. (2024). *Implementing a sandbox approach in health technology assessment: benefits and recommendations*. International Journal of Technology Assessment in Health Care."
"8831a941-8270-4881-94f6-ad76d4fb8702","information-15-00533.pdf",,,,,"https://doi.org/10.3390/info15090533","Kosvyra, A., Filos, D. T., Fotopoulos, D. T., Tsave, O., & Chouvarda, I. (2024). *Toward Ensuring Data Quality in Multi-Site Cancer Imaging Repositories*. Information."
"a81f0176-a305-4802-a204-558d229da3d4","iqvia-the-evolving-role-of-real-world-evidence-in-oncology-hta-decision-making.pdf",,,,,,"Nijhuis, T., Schueter, M., & Lisica, A. (2025). *The Evolving Role of Real-World Evidence in Oncology HTA Decision-Making: Opportunities and Challenges*."
"b49d5b7b-50fd-44b6-bf63-ed14c9856beb","jmahp-13-00046.pdf",,,,,"https://doi.org/10.3390/jmahp13030046","Mezei, F., Tsiasiotis, E., Basile, M., Sciomenta, I., Calosci, E. M., Antonini, D., Lukacs, A., Di Bidino, R., Cicchetti, A., & Sacchini, D. (2025). *Shaping the Future of DHT Assessment: Insights on Industry Challenges, Developer Needs, and a Harmonized, European HTA Framework*. J. Mark. Access Health Policy."
"0b13c913-6e63-4897-91c9-0b37cf73e922","jpm-15-00235.pdf",,,,,"https://doi.org/10.3390/jpm15060235","Eminovic et al. (2025). *Comparison of Multiple State-of-the-Art Large Language Models for Patient Education Prior to CT and MRI Examinations*. J. Pers. Med."
"b9eb6e97-a424-482c-b454-8daafd46fbfa","langs-2023-innovations-in-deep-learning-to-predict-individual-risk-and-treatment-outcome.pdf",,,,,"https://doi.org/10.1148/radiol.231116","Langs, G. (2023). *Innovations in Deep Learning to Predict Individual Risk and Treatment Outcome*. Radiology."
"922c7576-196c-4b21-a5db-2b917c3a3f1e","lockhart-et-al-2025-amcp-real-world-evidence-s.pdf",,,,,"https://doi.org/10.18553/jmcp.2025.25108","J Manag Care Spec Pharm. (2025). *AMCP real-world evidence standards: Overcoming barriers to using real-world evidence in US payer decision-making*."
"815f6568-f32f-44a5-a7ad-95715324a489","miccai2024.pdf",,,,,"https://doi.org/10.1007/978-3-031-72117-5_27","Mouheb et al. (2024). *Evaluating the Fairness of Neural Collapse in Medical Image Classification*."
"e3718d7c-eb5f-4bb7-b070-e85a6eda5411","nihms-2102292.pdf",,,,,"https://doi.org/10.1016/j.jval.2025.07.024","Bykov et al. (2025). *APPRAISE: A Tool for Appraising Potential for Bias in Real-world Evidence Studies on Medication Effectiveness or Safety*. Value Health."
"835ba9d6-f952-4c36-b9b3-48d8b7ead062","nihms-2154516.pdf",,,,,"https://doi.org/10.1001/jamacardio.2025.3006","Pundi et al. (2025). *Approach to the Postmarket Evaluation of Consumer Wearable Technologies*. JAMA Cardiology."
"aaa86fcc-2c9a-41c9-88e2-e00ff240b376","németh-et-al-2023-guidance-on-using-real-world-evidence-from-western-europe-in-central-and-eastern-european-health.pdf",,,,,"https://doi.org/10.57264/cer-2022-0157","Németh et al. (2023). *Guidance on using real-world evidence from Western Europe in Central and Eastern European health policy decision making*."
"62c4d396-fc43-46b8-aab5-96748b701ad9","openreseurope-5-23947.pdf",,,,,"https://doi.org/10.12688/openreseurope.21016.3","Penadés Blasco, A., Cerdá Alberich, L., de Marco García, A., et al. (2025). *How the First Medical Imaging Cancer Atlas EUCAIM Was Populated: The Experience of a Reference Hospital*. Open Research Europe."
"e6cdc79f-0653-4272-b097-b3cc1f7a5587","paper_jmir.pdf",,,,,"https://doi.org/10.2196/47066","Biasiotto et al. (2023). *Public views on digital health data sharing: A discrete choice experiment in Europe*. Journal of Medical Internet Research."
"a8015ddd-707e-46bf-a17e-192747fd328f","preprint-69813-accepted.pdf",,,,,"https://doi.org/10.2196/preprints.69813","Hussein et al. (2024). *Towards EHDS2 interoperability framework: An interactive EIF-based standards compliance toolkit for AI-driven projects*. JMIR Preprints."
"9770aa70-1da2-4c89-8200-55434aa4cbe9","preprint-80645-accepted.pdf",,,,,"https://doi.org/10.2196/80645","Fotopoulos et al. (2025). *Explainable Artificial Intelligence in Cancer Imaging: A Scoping Review of Methods, Modalities, and Clinical Integration*. JMIR Preprints."
"73297893-c379-49ce-ad61-f18896088a33","s00330-025-11708-9.pdf",,,,,"https://doi.org/10.1007/s00330-025-11708-9","Martí-Bonmatí, L., Blanquer, I., Hamm, B., Clauser, P., Sardanelli, F., Alberich-Bayarri, A., & Hierath, M. (2025). *Empowering imaging research through the EUCAIM repository: a new opportunity for ESR journals*."
"f8bbef3b-9181-4653-b2bf-6cee4944b4ca","s00415-025-13439-9.pdf",,,,,"https://doi.org/10.1007/s00415-025-13439-9","Trojano et al. (2025). *Big multiple sclerosis data network: novel modelling approaches for real-world data analysis*. Springer-Verlag GmbH Germany."
"c475fe4f-c622-4cd1-910c-94020b1b0d03","s12880-025-01841-8.pdf",,,,,"https://doi.org/10.1186/s12880-025-01841-8","Brancato et al. (2025). *Unveiling key pathomic features for automated diagnosis and Gleason grade estimation in prostate cancer*."
"c26523ff-15e2-4fc5-9e3d-c43066680457","s13244-025-01913-x.pdf",,,,,"https://doi.org/10.1186/s13244-025-01913-x","Martí-Bonmatí, L., et al. (2025). *Empowering cancer research in Europe: the EUCAIM cancer imaging infrastructure*."
"d8a5a86a-2d38-48dd-ac1d-07fbf46bef73","s40258-021-00665-1.pdf",,,,,"https://doi.org/10.1007/s40258-021-00665-1","Leckenby, E., Dawoud, D., Bouvy, J., & Jónsson, P. (2021). *The Sandbox Approach and its Potential for Use in Health Technology Assessment: A Literature Review*."
"251fe4ef-97fa-4d07-a8f5-796b1fe0343f","s41747-023-00343-y.pdf",,,,,"https://doi.org/10.1186/s41747-023-00343-y","Burger et al. (2024). *Deep learning for predicting future lesion emergence in high-risk breast MRI screening: a feasibility study*."
"f1f0a219-9269-43ff-bf67-d8bf7df8961d","s41747-024-00543-0.pdf",,,,,"https://doi.org/10.1186/s41747-024-00543-0","Chouvarda et al. (2025). *Differences in technical and clinical perspectives on AI validation in cancer imaging: mind the gap!*."
"6e61d5c2-4419-446d-b29d-c35f5a60dbd5","s42155-025-00609-z.pdf",,,,,"https://doi.org/10.1186/s42155-025-00609-z","Levita et al. (2025). *Large language models for patient education prior to interventional radiology procedures: a comparative study*."
"01244efc-6e21-4178-ae90-485abab63ec5","ssrn-5281759.pdf",,,,,"https://doi.org/10.2139/ssrn.5281759","Rodriguez-Belenguer et al. (2024). *The challenge of data scarcity and imbalanced classes in radiomics performance*."
"e9e5786a-85db-4286-9ab9-766b711bf2c4","ssrn-5381282.pdf",,,,,"https://doi.org/10.2139/ssrn.5381282","Kuang et al. (*Predicting Homologous Recombination Deficiency and Treatment Responses using a Computed Tomography-based Foundation Model: A Preclinical Study*)."
"be6bc5fc-4c16-4ead-9cb8-97ae6bd09e61","understanding-innovation-of-health-technology-assessment-methods-the-ihtam-framework.pdf",,,,,"https://doi.org/10.1017/s0266462322000010","Jiu, L., Hogervorst, M. A., Vreman, R. A., Mantel-Teeuwisse, A. K., & Goettsch, W. G. (2022). *Understanding innovation of health technology assessment methods: the IHTAM framework*. International Journal of Technology Assessment in Health Care."
"d72e2e70-c280-4b6f-9504-b5765ad8d85f","v1_covered_6686c176-06d5-45e4-9ad7-af91b36e8d41.pdf",,,,,"https://doi.org/10.21203/rs.3.rs-5373454/v1","Giraldo et al. (*Semantic Representation of Preclinical Data in Radiation Oncology*)."
"0f6413f7-d8f1-4767-bda0-22712185d82b","vdad136.pdf",,,,,"https://doi.org/10.1093/neuonc/noac174.000","Nenning et al. (2023). *Radiomic features define risk and are linked to DNA methylation attributes in primary CNS lymphoma*. Neuro-Oncology Advances."
